MARCA;VEICULO;CAMBER DIANTEIRO MINIMO;CAMBER DIANTEIRO MAXIMO;CASTER MINIMO;CASTER MAXIMO;ALINHAMENTO DIANTEIRO MINIMO;ALINHAMENTO DIANTEIRO MAXIMO;CAMBER TRASEIRO MINIMO;CAMBER TRASEIRO MAXIMO;ALINHAMENTO TRASEIRO MINIMO;ALINHAMENTO TRASEIRO MAXIMO
VOLKSWAGEN BRASIL;1200-1300 MAGGIOLINO  1970 - 1986;0,17;0,83;2,3;4,3;1,56;4,69;-1;1;-1,56;
VOLKSWAGEN BRASIL;1302-1303 MAGGIOLINO  1970 - 1986;0,33;1,33;1,42;2,58;1,56;4,69;-2,01;-0,65;-1,56;
VOLKSWAGEN BRASIL;1989 - 1994;0,12;1,12;0,13;1,13;3,13;5,25;-;-;-;
VOLKSWAGEN BRASIL;AMAROK 2010 - ADIANT.;-0,5;0,1;3,5;5,5;0;0,55;;;;
VOLKSWAGEN BRASIL;BEETLE  1999 - 2005;-1,05;-0,05;7,33;8,33;-1,06;1,06;-1,62;-1,28;1,56;
VOLKSWAGEN BRASIL;BEETLE  2007 em diante;-1,05;-0,05;7,33;8,33;-1,06;1,06;-1,62;-1,28;1,56;
VOLKSWAGEN BRASIL;BEETLE CABRIOLET  2003 - 2006;-1;0;7,17;8,17;-1,06;1,06;-1,78;-1,12;1,56;
VOLKSWAGEN BRASIL;BEETLE CABRIOLET  2007 em diante;-1;0;7,17;8,17;-1,06;1,06;-1,78;-1,12;1,56;
VOLKSWAGEN BRASIL;BEETLE CONVERTIBLE  2006 em diante;-1;0;7,17;8,17;-1,06;1,06;-1,62;-1,28;1;
VOLKSWAGEN BRASIL;BEETLE SEDAN W/BASE SUSPENSION   2006 em diante;-1;0;7,17;8,17;-1,06;1,06;-1,62;-1,28;1;
VOLKSWAGEN BRASIL;BEETLE SEDAN W/SPORT SUSPENSION   2006 em diante;-1,05;-0,05;7,33;8,33;-1,06;1,06;-1,62;-1,28;1,56;
VOLKSWAGEN BRASIL;BEETLE W/BASE SUSPENSION 1998 - 2003;-1;0;7,17;8,17;-;-;-1,78;-1,12;1;
VOLKSWAGEN BRASIL;BORA LIMOS G49/58/71/76/77/80/81/82/83  1998 - 1999;-1;0;7,16;8,16;-1,06;1,06;-1,95;-0,95;1;
VOLKSWAGEN BRASIL;BORA VARIANT 36/37/38/41/44/45/46/47   1998 - 1999;-1;0;7,16;8,16;-1,06;1,06;-1,95;-0,95;0,63;
VOLKSWAGEN BRASIL;BORA VARIANT G08/09/11/27/28 1998 - 1999;-1;0;7,16;8,16;-1,06;1,06;-1,95;-0,95;0,63;
VOLKSWAGEN BRASIL;BORA VARIANT G38/41/44/45/46/47 1998 - 1999;-1;0;7,16;8,16;-1,06;1,06;-1,95;-0,95;1;
VOLKSWAGEN BRASIL;BORA VARIANT G49/58/71/76/77/80 A G83  1998 - 1999;-1;0;7,16;8,16;-1,06;1,06;-1,95;-0,95;1;
VOLKSWAGEN BRASIL;CABRIO (2UA)  2006 em diante;-1,1;-0,1;7,06;8,06;0;2,13;-2,25;-1,25;0;
VOLKSWAGEN BRASIL;CABRIO (2UC)  2006 em diante;-1,18;-0,18;7,28;8,28;0;2,13;-2,25;-1,25;0;
VOLKSWAGEN BRASIL;CABRIO 4 CYL  1995 - 2002;-0,93;-0,27;1,33;2,33;-1;1;-1,66;-1,34;1,06;
VOLKSWAGEN BRASIL;CABRIO V6  1995 - 2002;-0,99;-0,33;2,94;3,94;-1;1;-1,66;-1,34;1,06;
VOLKSWAGEN BRASIL;CABRIO.GOLF.JETTA.GTI 1.8L GAS.1.9L DIE  1993 - 1993;-0,84;-0,16;1,25;2,25;-1;1;-1,66;-1,34;1,06;
VOLKSWAGEN BRASIL;CABRIO.GOLF.JETTA.GTI 2.0L 1993 - 1993;-0,92;-0,24;1,33;2,33;-1;1;-1,66;-1,34;1,06;
VOLKSWAGEN BRASIL;CABRIO.GOLF.JETTA.GTI 2.8L 1993 - 1993;-1;-0,32;2,94;3,94;-1;1;-1,66;-1,34;1,06;
VOLKSWAGEN BRASIL;CADDY  1982 - 1991;-0,17;0,83;1,5;2,16;-3,13;-0,63;-0,17;0,17;-6,25;
VOLKSWAGEN BRASIL;CADDY KOMBI  1996 - 2004;-0,83;-0,17;0,27;1,27;-1,06;1,06;-1,17;-0,83;1;
VOLKSWAGEN BRASIL;CADDY PICK-UP  1996 - 2001;-1;0;0,58;2,08;0;2,13;1,33;1,67;1;
VOLKSWAGEN BRASIL;CADDY VAN  1996 - 2004;-0,83;-0,17;0,05;1,05;-1,06;1,06;-1,5;-0,5;1;
VOLKSWAGEN BRASIL;CADDY VAN/COMBI  2004 - 2006;-0,92;0,58;6,68;7,68;-1;3,13;-1,5;-1;1;
VOLKSWAGEN BRASIL;CADDY VAN/COMBI  2007 em diante;-0,92;0,58;6,68;7,68;-1;3,13;-1,5;-1;1;
VOLKSWAGEN BRASIL;CARRADO V6  1990 - 1995;-1,66;-1;2,92;3,92;-1;1;-1,66;-1,34;1,06;
VOLKSWAGEN BRASIL;CORRADO 16V/G60  1989 - 1990;-1;-0,34;1,42;2,42;-1,06;1,06;-2;-1,34;1,06;
VOLKSWAGEN BRASIL;CORRADO 16V/G60  1990 - 1995;-0,99;-0,33;1,42;2,42;-1;1;1,34;1,66;1,06;
VOLKSWAGEN BRASIL;CORRADO 4 CYL  1990 - 1995;-1,16;-0,16;1,06;2,06;-1;1;-1,65;-1,35;1;
VOLKSWAGEN BRASIL;CORRADO VR6  1992 - 1995;-1,66;-1;2,92;3,92;-1,06;1,06;-1,67;-1,33;1;
VOLKSWAGEN BRASIL;CROSSFOX  2005;-0,45;0,15;3,45;4,45;0;99;-1,5;-1,1;0,31;
VOLKSWAGEN BRASIL;CROSSFOX  DIR. HIDR. 2011;-1,12;-0,12;3,39;4,39;0,1;1,03;-2,2;-1,4;0,88;
VOLKSWAGEN BRASIL;EOS      -2012;-1;0;7,04;8,04;0;2,14;-1,5;-0,5;1,89;
VOLKSWAGEN BRASIL;EUROVAN GROUP 1 & 6  1997 - 2003;-0,77;-0,11;2,66;3,66;0;4,13;-1;0;0;
VOLKSWAGEN BRASIL;EUROVAN GROUP 1 1992 - 1996;-0,08;0,58;1,16;2,16;1,06;3,06;-1;0;0;
VOLKSWAGEN BRASIL;EUROVAN GROUP 2 & 7  1997 - 2003;-0,77;-0,11;12,66;13,66;0;4,13;-0,5;0,5;-1,44;
VOLKSWAGEN BRASIL;EUROVAN GROUP 2 1992 - 1996;-0,08;0,58;1,16;2,16;1,06;3,06;-0,5;0,5;-1,44;
VOLKSWAGEN BRASIL;EUROVAN GROUP 3 & 8  1997 - 2003;-0,91;-0,25;2,66;3,66;-1,06;3,06;-1;0;0;
VOLKSWAGEN BRASIL;EUROVAN GROUP 3 1992 - 1996;-0,33;0,33;1,16;2,16;-1,06;3,06;-1;0;0;
VOLKSWAGEN BRASIL;EUROVAN GROUP 4 & 5  1997 - 2003;-1,08;-0,42;2,66;3,66;-2,06;2,06;-1,16;-0,16;0,44;
VOLKSWAGEN BRASIL;EUROVAN GROUP 4 1992 - 1996;-0,17;0,49;1,33;2,33;-2,06;2,06;-1,16;-0,16;0,44;
VOLKSWAGEN BRASIL;FOX     - 2014;-1,25;-0,25;3,2;4,2;0;2,14;-2,37;1,07;1,62;
VOLKSWAGEN BRASIL;FOX (G09/15/16)  2007 em diante;-0,75;0,25;3,73;4,73;0;2,13;-1,83;-1,17;0,63;
VOLKSWAGEN BRASIL;FOX (G09/G16) DIR.HIDRAULICA 2005 - 2007;-0,75;0,25;3,73;4,73;0;2,13;-1,83;-1,17;0,63;
VOLKSWAGEN BRASIL;FOX (G17)  2007 em diante;-0,9;0,1;3,65;4,65;0;2,13;-2,33;-1,67;1,63;
VOLKSWAGEN BRASIL;FOX (G18)  2007 em diante;-1,38;-0,38;3,78;4,78;0;2,13;-2,33;-1,67;1,94;
VOLKSWAGEN BRASIL;FOX (G23/G25)  2007 em diante;-0,75;0,25;2,2;3,2;0;2,13;-1,83;-1,17;0,63;
VOLKSWAGEN BRASIL;FOX (G23/G25) DIR.MECANICA2005 - 2007;-0,75;0,25;2,2;3,2;0;2,13;-1,83;-1,17;0,63;
VOLKSWAGEN BRASIL;FOX / CROSSFOX 2010 ;-1,12;-0,12;3,39;4,39;0,1;1,03;-2,2;-1,4;0,88;
VOLKSWAGEN BRASIL;FOX 1.0 /1.6 DIR. HIDR.  2003;-0,45;0,15;3,44;4,44;0;1,06;-1,5;-1,1;0,13;
VOLKSWAGEN BRASIL;FOX 1.0 /1.6 DIR. MEC.  2003;-0,45;0,15;2,12;3,12;0;0,99;-1,5;-1,1;0,12;
VOLKSWAGEN BRASIL;FOX DIR.HIDR.  2011 ;-0,52;0,08;3,56;4,56;0,1;1,03;-1,5;-1,1;0,57;
VOLKSWAGEN BRASIL;FOX EX. WAGON  1987 - 1993;-0,83;-0,17;1,67;2,33;-1,88;0;-2;-1;1,81;
VOLKSWAGEN BRASIL;FOX WAGON  1987 - 1993;-0,83;-0,17;1,42;2,08;-1,88;0;-2;-1;1,19;
VOLKSWAGEN BRASIL;GOL / PARATI / SAVEIRO (GER 4 ) DIR . HID   2005;-1,1;-0,3;2,3;3,3;-0,99;0;-2;-1;0,78;
VOLKSWAGEN BRASIL;GOL / PARATI / SAVEIRO (GER 4 ) DIR . MEC   2005;-1,1;-0,3;2;3;-0,99;0;-2;-1;0,78;
VOLKSWAGEN BRASIL;GOL / PARATI / SAVEIRO (GER I ) DIR . HID   1995;-1,12;-0,3;2,3;3,3;-0,86;0;-2;-1;0,72;
VOLKSWAGEN BRASIL;GOL / PARATI / SAVEIRO (GER II ) DIR . HID   1996 - 1999;-1,1;-0,3;2;3;-0,92;0;-2;-1;0,72;
VOLKSWAGEN BRASIL;GOL / PARATI / SAVEIRO (GER III ) DIR . HID   1999 - 2004;-1,1;-0,3;2;3;-0,93;0;-2;-1;0,78;
VOLKSWAGEN BRASIL;GOL 2015;-0,28;0,3;0,3;4,28;-1,03;1,03;-1,3;0,2;1,04;
VOLKSWAGEN BRASIL;GOL ÁGUA AE 1.6;-0,5;-0,1;1,4;2,2;-2;0;-2;-1;1,5;
VOLKSWAGEN BRASIL;GOL ÁGUA AE 1000;-0,5;-0,1;1,4;2,2;-2;0;-2;-1;1,5;
VOLKSWAGEN BRASIL;Gol G5 dir.hidraulica;-0,75;0,25;2,5;5;0;2;-2;-1;2;
VOLKSWAGEN BRASIL;Gol G5 dir.mecânica;-0,75;0,25;1,75;3,75;0;2;-2;-1;2;
VOLKSWAGEN BRASIL;GOL G6 DIR.HIDR  2010 - 2012;-0,45;0,15;3,46;4,46;0;2,07;-2,06;-1,06;2,18;
VOLKSWAGEN BRASIL;GOL G6 DIR.MEC  2010 - 2012;-0,45;0,15;2,19;3,19;0;2,07;-2,06;-1,06;2,18;
VOLKSWAGEN BRASIL;GOL GT ;-0,29;-0,1;1,15;2,15;-1,27;-0,53;0,48;1,48;0,78;
VOLKSWAGEN BRASIL;GOL RALLYE 1.6 DIR.HIDRA. 2005;-1,1;-0,3;2,3;3,3;-0,99;0;-2;-1;1,36;
VOLKSWAGEN BRASIL;GOL RALLYE 1.6 DIR.MEC. 2005;-1,1;-0,3;2;3;-0,99;0;-2;-1;1,36;
VOLKSWAGEN BRASIL;GOL RALLYE 1.8 DIR.HIDR. 2005;-1,1;-0,3;2,3;3,3;-0,99;0;-2;-1;1,36;
VOLKSWAGEN BRASIL;GOL RALLYE 1.8 DIR.MEC. 2005;-1,1;-0,3;2;3;-0,99;0;-2;-1;1,36;
VOLKSWAGEN BRASIL;GOL VOYAGE GERAÇÃO  V  DIR.HIDR. 2009;-0,47;0,13;2,18;3,18;-0,99;0;-2,06;-1,06;1,02;
VOLKSWAGEN BRASIL;GOL VOYAGE GERAÇÃO  V  DIR.MEC. 2009;-0,47;0,13;2,18;3,18;-0,99;0;-2,06;-1,06;1,02;
VOLKSWAGEN BRASIL;GOLF  1974 - 1984;-0,17;0,83;0,92;1,58;-2,88;-0,25;-1,58;-0,42;-2,06;
VOLKSWAGEN BRASIL;GOLF  2003 - 2005;-1;0;7,07;8,07;-1,06;1,06;-2,25;-1,25;0;
VOLKSWAGEN BRASIL;GOLF  2003 - 2005;-1,18;-0,18;7,28;8,28;-1,06;1,06;-2,48;-1,48;0,5;
VOLKSWAGEN BRASIL;GOLF (2UB/1JB)  2004 em diante;-0,73;0,27;6,78;7,78;0;2,13;-1,83;-0,83;-0,19;
VOLKSWAGEN BRASIL;GOLF (2UC/1JC)  2004 em diante;-1,18;-0,18;7,28;8,28;0;2,13;-1,83;-0,83;-0,19;
VOLKSWAGEN BRASIL;GOLF (A4) EXC/GTI BASE SUSPENSION   2006 em diante;-1;0;7,17;8,17;-1,06;1,06;-1,78;-1,12;1;
VOLKSWAGEN BRASIL;GOLF (A4) EXC/GTI SPORT SUSPENSION   2006 em diante;-1,05;-0,05;7,33;8,33;-1,06;1,06;-1,78;-1,12;1,56;
VOLKSWAGEN BRASIL;GOLF (A4) GTI  2006 em diante;-1,08;-0,08;7,5;8,5;-1,06;1,06;-1,78;-1,12;1,94;
VOLKSWAGEN BRASIL;GOLF (A5) GLI BASE SUSPENSION 2006 em diante;-1;0;7,07;8,07;0;2,13;-1,83;-0,83;-0,25;
VOLKSWAGEN BRASIL;GOLF (A5) GLI SPORT SUSPENSION   2006 em diante;-1,18;-0,18;7,28;8,28;0;2,13;-1,83;-0,83;-0,25;
VOLKSWAGEN BRASIL;GOLF (A5) GLI SPORT SUSPENSION   2006 em diante;-1,18;-0,18;7,28;8,28;0;2,13;-2,25;-1,25;-0,25;
VOLKSWAGEN BRASIL;GOLF (A5) GTI  2006 em diante;-1;0;7,07;8,07;0;2,13;-1,83;-0,83;-0,25;
VOLKSWAGEN BRASIL;GOLF (G08/G09/1JE/1JR) GTI/R32 2004 em diante;-1,21;-0,21;7,28;8,28;0;2,13;-2,25;-1,25;-0,19;
VOLKSWAGEN BRASIL;GOLF . GTI . JETTA SEDAN  1999 - 2004;-1;0;7,17;8,17;-;-;-1,78;-1,12;1;
VOLKSWAGEN BRASIL;GOLF / GOLF PLUS  2007 em diante;-1;0;7,07;8,07;0;2,13;-1,83;-0,83;-0,19;
VOLKSWAGEN BRASIL;GOLF / GOLF PLUS HD  2007 em diante;-0,73;0,27;6,78;7,78;0;2,13;-1,83;-0,83;-0,19;
VOLKSWAGEN BRASIL;GOLF / GOLF PLUS SPORT  2007 em diante;-1,18;-0,18;7,28;8,28;0;2,13;-1,83;-0,83;-0,19;
VOLKSWAGEN BRASIL;GOLF /JETTA GTI 16V  1989 - 1992;-0,97;-0,37;1;2;-1,13;1,13;-1,97;-1,37;1,06;
VOLKSWAGEN BRASIL;GOLF 1.1/1.3/1.6/D/TD  1984 - 1991;-1;0;1;2;-1,06;1,06;-2;-1,34;1,06;
VOLKSWAGEN BRASIL;GOLF 1.6/1.8/1.8I GTI  1989 - 1993;-0,91;-0,25;1;2;-1,06;1,06;-2;-1,34;1,06;
VOLKSWAGEN BRASIL;GOLF 2UA/G11/1JA/1JF  2004 em diante;-1;0;7,06;8,06;0;2,13;-1,83;-0,83;-0,19;
VOLKSWAGEN BRASIL;GOLF BLUEMOTION 2014 ;-0,41;0,3;;;-1,26;1,26;1,51;3,01;-1;
VOLKSWAGEN BRASIL;GOLF CABRIOLET/SCIROCCO 1981 - 1991;0;0,66;1,5;2,16;-3,13;-0,63;-1,67;-0,83;0;
VOLKSWAGEN BRASIL;GOLF COUNTRY  1990 - 1991;-0,83;-0,17;0,92;1,92;-1,06;1,06;-2;-1;-0,5;
VOLKSWAGEN BRASIL;GOLF ESTATE  1995 - 1998;-0,93;-0,27;1,33;2,33;-1,06;1,06;-1,67;-1,33;1;
VOLKSWAGEN BRASIL;GOLF ESTATE VIN 1HRW027094 1993 - 1994;-0,83;-0,17;1,25;2,25;-1,06;1,06;-1,67;-1,33;1;
VOLKSWAGEN BRASIL;GOLF GTI  2007 em diante;-1,23;-0,23;7,28;8,28;0;2,13;-2,25;-1,25;-0,19;
VOLKSWAGEN BRASIL;GOLF GTI 132 KW (G70)  1998 - 1998;-1,08;-0,08;7,5;8,5;-1,06;1,06;-1,95;-0,95;1,94;
VOLKSWAGEN BRASIL;GOLF GTI G60   1990 - 1991;-1;-0,34;1,08;2,08;-1,06;1,06;-2;-1,34;1,06;
VOLKSWAGEN BRASIL;GOLF GTI/GLI  1974 - 1984;-0,17;0,83;1,5;2,16;-3,13;-0,5;-1,58;-0,42;-2,06;
VOLKSWAGEN BRASIL;GOLF GTI/GLI  1984 - 1989;0;0,66;1,5;2,16;-3,13;-0,5;-1,83;-0,67;0;
VOLKSWAGEN BRASIL;GOLF HD  2003 - 2005;-0,73;0,27;6,78;7,78;-1,06;1,06;-2,25;-1,25;0;
VOLKSWAGEN BRASIL;GOLF JETTA.EX .ENG.CODE PF.GTI & GLI 16V 1987 - 1992;-0,83;-0,17;1;2;-0,94;0,94;-;-;-;
VOLKSWAGEN BRASIL;GOLF LIMOS G49/58/71/76/77/80/81/82/83  1998 - 1999;-1;0;7,16;8,16;-1,06;1,06;-1,95;-0,95;1;
VOLKSWAGEN BRASIL;GOLF LIMOUSINE 41/44/45/46/47 1998 - 1999;-1;0;7,16;8,16;-1,06;1,06;-1,95;-0,95;1;
VOLKSWAGEN BRASIL;GOLF LIMOUSINE G08/09/11/27/28/36/37/38  1998 - 1999;-1;0;7,16;8,16;-1,06;1,06;-1,95;-0,95;1;
VOLKSWAGEN BRASIL;GOLF PLUS (2UA/1JA)  2005 em diante;-1;0;7,06;8,06;0;2,13;-1,83;-0,83;-0,19;
VOLKSWAGEN BRASIL;GOLF PLUS (2UB/1JB)  2005 em diante;-0,73;0,27;6,78;7,78;0;2,13;-1,83;-0,83;-0,19;
VOLKSWAGEN BRASIL;GOLF PLUS (2UC/1JC)  2005 em diante;-1,18;-0,18;7,28;8,28;0;2,13;-1,83;-0,83;-0,19;
VOLKSWAGEN BRASIL;GOLF PLUS G02/G07 (GERMANY) 2005 em diante;-1,18;-0,18;7,28;8,28;0;2,13;-2,25;-1,25;-0,19;
VOLKSWAGEN BRASIL;GOLF R32 (G90/G67)  1998 - 1998;-1,25;-0,25;7,5;8,5;-1,06;1,06;-;-;-;
VOLKSWAGEN BRASIL;GOLF RALLYE  1989 - 1991;-1;-0,34;1,08;2,08;-1,06;1,06;-2,33;-1,33;0;
VOLKSWAGEN BRASIL;GOLF SYNCRO  1987 - 1993;-0,83;-0,17;1;2;-1;1;-1,92;-0,92;-0,5;
VOLKSWAGEN BRASIL;GOLF SYNCRO  1993 - 1994;-0,83;-0,17;1,25;2,25;-1;1;-1,5;-0,5;-0,5;
VOLKSWAGEN BRASIL;GOLF SYNCRO  1995 - 1997;-0,93;-0,27;1,33;2,33;-1;1;-2;-1;-0,5;
VOLKSWAGEN BRASIL;GOLF SYNCRO VR6  1995 - 1997;-1;-0,34;2,92;3,92;-1;1;-1,5;-0,5;-0,5;
VOLKSWAGEN BRASIL;GOLF VARIANT 36/37/38/41/44/45/46/47   1998 - 1999;-1;0;7,16;8,16;-1,06;1,06;-1,95;-0,95;0,63;
VOLKSWAGEN BRASIL;GOLF VARIANT G08/09/11/27/28 1998 - 1999;-1;0;7,16;8,16;-1,06;1,06;-1,95;-0,95;0,63;
VOLKSWAGEN BRASIL;GOLF VARIANT G08/09/11/27/28/36/37  1998 - 1999;-1;0;7,16;8,16;-1,06;1,06;-1,95;-0,95;1;
VOLKSWAGEN BRASIL;GOLF VARIANT G38/41/44/45/46/47 1998 - 1999;-1;0;7,16;8,16;-1,06;1,06;-1,95;-0,95;1;
VOLKSWAGEN BRASIL;GOLF VARIANT G49/58/71/76/77/80/81/82  1998 - 1999;-1;0;7,16;8,16;-1,06;1,06;-1,95;-0,95;0,63;
VOLKSWAGEN BRASIL;GOLF.GTI.JETTA SEDAN W/BASE SUSPENSION   1994 - 1998;-0,93;-0,27;1,33;2,33;-1,06;1,06;-;-;-;
VOLKSWAGEN BRASIL;GOLF.GTI.JETTA SEDAN W/PLUS SUSPENSION   1994 - 1998;-1;-0,34;2,92;3,92;-1,06;1,06;-1,67;-1,33;1;
VOLKSWAGEN BRASIL;GOLF.GTI.JETTA SEDAN W/SPORTER SUSPENSION   1994 - 1998;-1,05;-0,05;7,33;8,33;-;-;-1,78;-1,12;1,56;
VOLKSWAGEN BRASIL;GOLF/BORA (G10/G29/G39/G48) 1998 - 1999;-0,77;0,23;6,75;7,75;-1,06;1,06;-1,95;-0,95;1,06;
VOLKSWAGEN BRASIL;GOLF/BORA 1GA/1GC/1GJ  1997 - 2005;-1;0;7,17;8,17;-1,06;1,06;-1,62;-1,28;1;
VOLKSWAGEN BRASIL;GOLF/BORA 1GA/1GC/1GJ 4WD 1998 em diante;-1;0;7,17;8,17;-1,06;1,06;-0,83;-0,17;1,06;
VOLKSWAGEN BRASIL;GOLF/BORA 1GB 4WD  1998 em diante;-0,77;0,23;6,75;7,75;-1,06;1,06;-0,83;-0,17;1,06;
VOLKSWAGEN BRASIL;GOLF/BORA 1GB HD  1191 - 2005;-0,77;0,23;6,75;7,75;-1,06;1,06;-1,62;-1,28;1,06;
VOLKSWAGEN BRASIL;GOLF/BORA 1GD SPORT  1997 - 2005;-1,05;-0,05;7,33;8,33;-1,06;1,06;-1,62;-1,28;1,56;
VOLKSWAGEN BRASIL;GOLF/BORA 1GD SPORT 4WD 1998 em diante;-1,05;-0,05;7,33;8,33;-1,06;1,06;-1,3;-0,64;1,06;
VOLKSWAGEN BRASIL;GOLF/BORA LIMOUSIG16/72/73/75/84/86/87  1998 - 1999;-1,05;-0,05;7,33;8,33;-1,06;1,06;-1,95;-0,95;1,56;
VOLKSWAGEN BRASIL;GOLF/BORA SYNCRO  1997 - 2005;-1;0;7,17;8,17;-1,06;1,06;-0,83;-0,17;0,5;
VOLKSWAGEN BRASIL;GOLF/BORA SYNCRO HD  1997 - 2005;-0,77;0,23;6,75;7,75;-1,06;1,06;-0,83;-0,17;1,56;
VOLKSWAGEN BRASIL;GOLF/BORA SYNCRO SPORT 1997 - 2005;-1,05;-0,05;7,33;8,33;-1,06;1,06;-1,3;-0,64;0,5;
VOLKSWAGEN BRASIL;GOLF/BORA VARIANT G16/72/73/75/84/86/87  1998 - 1999;-1,05;-0,05;7,33;8,33;-1,06;1,06;-1,62;-1,28;1,25;
VOLKSWAGEN BRASIL;GOLF/VENTO 1.4/1.6/1.8/1.9D  1995 - 1997;-0,93;-0,27;1,33;2,33;-1,06;1,06;-1,67;-1,33;1;
VOLKSWAGEN BRASIL;GOLF/VENTO 1.4/1.6/D  1992 - 1997;-0,84;-0,16;1,25;2,25;-1,06;1,06;-1,67;-1,33;1,06;
VOLKSWAGEN BRASIL;GOLF/VENTO 1.8 GT/2.0 GL  1995 - 1997;-0,93;-0,27;1,33;2,33;-1,06;1,06;-1,67;-1,33;1;
VOLKSWAGEN BRASIL;GOLF/VENTO 1.8/2.0 GT/GTD  1992 - 1997;-0,84;-0,16;1,25;2,25;-1,06;1,06;-1,67;-1,33;1,06;
VOLKSWAGEN BRASIL;GOLF/VENTO CABRIOLET 1.4/1.6/1.8/1.9D  1995 - 2003;-0,93;-0,27;1,33;2,33;-1,06;1,06;-1,67;-1,33;1;
VOLKSWAGEN BRASIL;GOLF/VENTO CABRIOLET 1.8 GT/2.0 GL  1995 - 2003;-0,93;-0,27;1,33;2,33;-1,06;1,06;-1,67;-1,33;1;
VOLKSWAGEN BRASIL;GOLF/VENTO GTI/16V/VR6  1992 - 1997;-1;-0,34;2,92;3,92;-1,06;1,06;-1,67;-1,33;1;
VOLKSWAGEN BRASIL;IBIZA 1.8 16V;-1,02;-0,22;1,25;2,25;-1;1;-1,54;-1,14;1;
VOLKSWAGEN BRASIL;IBIZA 2.0;-1,02;-0,22;1,25;2,25;-1;1;-1,54;-1,14;1;
VOLKSWAGEN BRASIL;JETTA  1974 - 1984;-0,17;0,83;0,92;1,58;-2,88;-0,25;-1,58;-0,42;-2,06;
VOLKSWAGEN BRASIL;JETTA  2007 em diante;-1;0;7,07;8,07;0;2,13;-1,83;-0,83;-0,19;
VOLKSWAGEN BRASIL;JETTA ( 2UB ) 2012;-0,43;0,17;6,48;7,48;0,1;0,96;-1,5;-0,5;-0,1;
VOLKSWAGEN BRASIL;JETTA (2UA/1JA)  2006 em diante;-1;0;7,06;8,06;0;2,13;-1,83;-0,83;-0,19;
VOLKSWAGEN BRASIL;JETTA (2UB/1JB)  2006 em diante;-0,73;0,27;6,78;7,78;0;2,13;-1,83;-0,83;-0,19;
VOLKSWAGEN BRASIL;JETTA (2UC/1JC)  2006 em diante;-1,18;-0,18;7,28;8,28;0;2,13;-1,83;-0,83;-0,19;
VOLKSWAGEN BRASIL;JETTA (A5) BASE SUSPENSION 2006 em diante;-1;0;7,07;8,07;0;2,13;-1,83;-0,83;-0,25;
VOLKSWAGEN BRASIL;JETTA (A5) GLI 2006 em diante;-1,18;-0,18;7,28;8,28;0;2,13;-1,83;-0,83;-0,25;
VOLKSWAGEN BRASIL;JETTA 1.1/1.3/D/TD  1984 - 1993;-1;0;1;2;-1,06;1,06;-2;-1,34;1,06;
VOLKSWAGEN BRASIL;JETTA 1.6/1.8 GTI  1984 - 1988;-0,92;-0,24;1;2;-1,06;1,06;-2;-1,34;1,06;
VOLKSWAGEN BRASIL;JETTA 1.6/1.8/1.8I GTI  1989 - 1993;-0,91;-0,25;1;2;-1,06;1,06;-2;-1,34;1,06;
VOLKSWAGEN BRASIL;JETTA 2011 ;-1;0;7,04;8,04;0;2,49;-1,5;-0,5;-0,21;
VOLKSWAGEN BRASIL;JETTA HD  2007  em diante;-0,73;0,27;6,78;7,78;0;2,13;-1,83;-0,83;-0,19;
VOLKSWAGEN BRASIL;JETTA SPORT  2007 em diante;-1,18;-0,18;6,78;7,78;0;2,13;-1,83;-0,83;-0,19;
VOLKSWAGEN BRASIL;JETTA SYNCRO  1987 - 1993;-0,83;-0,17;1;2;-1;1;-1,92;-0,92;-0,5;
VOLKSWAGEN BRASIL;KOMBI 1.2 / 1.5;0,1;1,1;0;1;0;2;2,3;3,3;-5;
VOLKSWAGEN BRASIL;KOMBI 1.6 1 CARBURADOR;0,1;1,1;0;1;-1;1;0,3;1,3;-1;
VOLKSWAGEN BRASIL;KOMBI 1.6 2 CARBURADORES;0,1;1,1;0;1;1;3;-1,2;0,2;-1;
VOLKSWAGEN BRASIL;LT  1996 - 2006;-0,67;0,83;0,96;1,96;0;2,25;0;0;-1,56;
VOLKSWAGEN BRASIL;LT (3000)  1997 em diante;-;-;-;-;-;-;0;0;-1,56;
VOLKSWAGEN BRASIL;LT (3550)  1997 em diante;-;-;-;-;-;-;0;0;-1,56;
VOLKSWAGEN BRASIL;LT (4025)  1997 em diante;-;-;-;-;-;-;0;0;-1,56;
VOLKSWAGEN BRASIL;LT (4025)  1997 em diante;0,34;1;1,83;2,83;2,13;6,25;-0,42;0,42;-2,06;
VOLKSWAGEN BRASIL;LT 40/45/50  1976 - 1996;-0,42;0,74;3,09;3,75;0;2;-0,42;0,42;-2,06;
VOLKSWAGEN BRASIL;LT 4WD  1986 - 1996;-0,41;0,75;3;4,34;-1;3,13;-0,42;0,42;-2,06;
VOLKSWAGEN BRASIL;LUPO 3L/1.2 TDI  1999 - 2005;-0,75;-0,09;0,83;1,83;-1,56;-0,56;-1,75;-1,09;1;
VOLKSWAGEN BRASIL;LUPO RHD MT/RHD AT/LHD MT/LHT AT  1998 - 2005;-0,75;-0,09;0,83;1,83;-1,06;1,06;-1,75;-1,09;1;
VOLKSWAGEN BRASIL;PASSAT  1973 - 1981;0;1;1;2;-0,5;2,63;-1;0;-5,19;
VOLKSWAGEN BRASIL;PASSAT  1984 - 1988;-1,17;-0,17;0;1;0;2,13;-2;-1,34;1,13;
VOLKSWAGEN BRASIL;PASSAT  1996 em diante;-0,84;0;-;-;1,63;2,5;-1,83;-1,17;2,06;
VOLKSWAGEN BRASIL;PASSAT  2001 - 2005;-0,84;0;-;-;1,63;2,5;-1,83;-1,17;2,06;
VOLKSWAGEN BRASIL;PASSAT  2007 em diante;-1;0;7,03;8,03;0;2,13;-2,25;-1,25;-0,19;
VOLKSWAGEN BRASIL;PASSAT  PAS  1984 - 1988;-1,17;-0,17;0,67;1,33;0,06;2,06;-2;-1,34;1;
VOLKSWAGEN BRASIL;PASSAT 1.4 TSI   2012;-1;0;7,02;8,02;0;2,45;-1,5;-0,5;0;
VOLKSWAGEN BRASIL;PASSAT 1.6/1.8/1.9 TD/2.0   1994 - 1996;-1,66;-1;1,17;2,17;-1,06;1,06;-1,67;-1,33;1;
VOLKSWAGEN BRASIL;PASSAT 1BA  1997 em diante;-0,84;0;-;-;1,69;2,56;-1,83;-1,17;2,06;
VOLKSWAGEN BRASIL;PASSAT 1BA (GERMANY)  1997 em diante;0,28;1,12;-;-;1;3,13;-2;-1;0,63;
VOLKSWAGEN BRASIL;PASSAT 1BA 4WD  1997 em diante;-0,84;0;-;-;1,69;2,56;-1,17;-0,17;0,63;
VOLKSWAGEN BRASIL;PASSAT 1BA 4X4 (GERMANY)1997 em diante;-1,12;-0,28;-;-;1;3,13;-1,16;-0,16;0,63;
VOLKSWAGEN BRASIL;PASSAT 1BA/1BC/1BP/1BF (GERMANY)  1997 em diante;-1;-0,16;-;-;1;3,13;-2;-1;0,63;
VOLKSWAGEN BRASIL;PASSAT 1BA/1BC/1BP/1BF 4X4 (GERMANY)  1997 em diante;-1;-0,16;-;-;1;3,13;-1,16;-0,16;0,63;
VOLKSWAGEN BRASIL;PASSAT 1BB  1997 em diante;-0,67;0,17;-;-;1,69;2,56;-1,83;-1,17;1,13;
VOLKSWAGEN BRASIL;PASSAT 1BB 4WD  1997 em diante;-0,67;0,17;-;-;1,69;2,56;-1,17;-0,17;0,63;
VOLKSWAGEN BRASIL;PASSAT 1BB/1BF (GERMANY) 1997 em diante;-0,75;0,09;-;-;1;3,13;-2;-1;0,63;
VOLKSWAGEN BRASIL;PASSAT 1BB/1BF 4X4 (GERMANY) 1997 em diante;-0,75;0,09;-;-;1;3,13;-1,16;-0,16;0,63;
VOLKSWAGEN BRASIL;PASSAT 1BE (GERMANY)  1997 em diante;-1,25;-0,41;-;-;1;3,13;-2;-1;0,63;
VOLKSWAGEN BRASIL;PASSAT 1BE SPORT  1997 em diante;-1,09;-0,25;-;-;1,69;2,56;-1,83;-1,17;2,94;
VOLKSWAGEN BRASIL;PASSAT 1BE SPORT 4WD  1997 em diante;-1,09;-0,25;-;-;1,69;2,56;-1,17;-0,17;0,63;
VOLKSWAGEN BRASIL;PASSAT 2.0 16V/2.8I/SW  1994 - 1996;-1,5;-0,84;2,83;3,83;-1,06;1,06;-1,67;-1,33;1;
VOLKSWAGEN BRASIL;PASSAT 2.8  1997 em diante;-0,82;0;-;-;1,69;2,44;-1,83;-1,17;1,06;
VOLKSWAGEN BRASIL;PASSAT 2.8  Atè - 1996;-1,49;-0,83;2,83;3,83;-1,06;1,06;-1,67;-1,33;1,06;
VOLKSWAGEN BRASIL;PASSAT BASE SUSPENSION  2006 em diante;-1;0;7,03;8,03;0;2,13;-1,83;-0,83;0;
VOLKSWAGEN BRASIL;PASSAT ESTATE 1.8/1.9TD/2.0 1994 - 1996;-1,66;-1;1,17;2,17;-1,06;1,06;-1,83;-1,17;1;
VOLKSWAGEN BRASIL;PASSAT G02/G07/G15 AB KW 35 (GERMANY)  2005 em diante;-1;0;7,03;8,03;0;2,13;-1,83;-0,83;0;
VOLKSWAGEN BRASIL;PASSAT G02/G07/G15 BIS KW 34 (GERMANY)  2005 em diante;-1;0;7,03;8,03;0;2,13;-2,25;-1,25;0;
VOLKSWAGEN BRASIL;PASSAT G03/08/23/28 BIS KW 34 (GERMANY)  2005 em diante;-1,18;-0,18;7,03;8,03;0;2,13;-2,25;-1,25;0;
VOLKSWAGEN BRASIL;PASSAT G04/*G09 AB KW 35 (GERMANY)  2005 em diante;-0,73;0,27;6,77;7,77;0;2,13;-1,83;-0,83;0;
VOLKSWAGEN BRASIL;PASSAT G04/*G09 BIS KW 34 (GERMANY)  2005 em diante;-0,73;0,27;6,77;7,77;0;2,13;-2,25;-1,25;0;
VOLKSWAGEN BRASIL;PASSAT GT16V LB108392-  1988 - 1993;-1,66;-1;1,17;2,17;-1,06;1,06;-2;-1,34;1,06;
VOLKSWAGEN BRASIL;PASSAT GT16V LB108393+  1988 - 1993;-1,66;-1;1,17;2,17;-1,06;1,06;-1,67;-1,33;1;
VOLKSWAGEN BRASIL;PASSAT GT16V LE222110-  1988 - 1993;-1,66;-1;1,17;2,17;-1,06;1,06;-2;-1,34;1,06;
VOLKSWAGEN BRASIL;PASSAT GT16V LE222111+  1988 - 1993;-1,66;-1;1,17;2,17;-1,06;1,06;-1,67;-1,33;1;
VOLKSWAGEN BRASIL;PASSAT HD  2001 - 2005;-0,67;0,17;-;-;1,63;2,5;-1,83;-1,17;1,13;
VOLKSWAGEN BRASIL;PASSAT HD  2007 em diante;-0,73;0,27;6,77;7,77;0;2,13;-2,25;-1,25;-0,19;
VOLKSWAGEN BRASIL;PASSAT IBE 4X4 (GERMANY)  1997 em diante;-1,25;-0,41;-;-;1;3,13;-1,16;-0,16;0,63;
VOLKSWAGEN BRASIL;PASSAT LE222110-  1988 - 1993;-1,66;-1;1,17;2,17;-1;1;-1,99;-1,33;0,94;
VOLKSWAGEN BRASIL;PASSAT LE222111+  1988 - 1993;-1,66;-1;1,17;2,17;-1;1;-1,67;-1,33;1;
VOLKSWAGEN BRASIL;PASSAT SANTANA  1982 - 1984;-1,17;-0,17;0;1;0;2,13;-2;-1,34;1,13;
VOLKSWAGEN BRASIL;PASSAT SPORT  1996 em diante;-1,09;-0,25;-;-;1,63;2,5;-1,83;-1,17;2,94;
VOLKSWAGEN BRASIL;PASSAT SPORT  2001 - 2005;-1,09;-0,25;-;-;1,63;2,5;-1,83;-1,17;2,94;
VOLKSWAGEN BRASIL;PASSAT SPORT  2007 em diante;-1,18;-0,18;7,23;8,23;0;2,13;-2,25;-1,25;-0,19;
VOLKSWAGEN BRASIL;PASSAT SPORT SUSPENSION 2006 em diante;-1,18;-0,18;7,23;8,23;0;2,13;-1,83;-0,83;0;
VOLKSWAGEN BRASIL;PASSAT SW LB108392-  1988 - 1993;-1,66;-1;1,17;2,17;-1;1;-1,99;-1,33;0,94;
VOLKSWAGEN BRASIL;PASSAT SW LB108393+  1988 - 1993;-1,66;-1;1,17;2,17;-1;1;-1,67;-1,33;1;
VOLKSWAGEN BRASIL;PASSAT SYNCRO  1985 - 1988;-0,83;0,17;0,67;1,33;1,56;3,69;-1;0;-0,5;
VOLKSWAGEN BRASIL;PASSAT SYNCRO  1996 em diante;-0,84;0;-;-;1,63;2,5;-1,17;-0,17;0,63;
VOLKSWAGEN BRASIL;PASSAT SYNCRO  2001 - 2005;-0,84;0;-;-;1,63;2,5;-1,17;-0,17;0,63;
VOLKSWAGEN BRASIL;PASSAT SYNCRO 2.0I  1994 - 1996;-0,66;0;1,17;2,17;-1,06;1,06;-1,75;-0,75;-0,5;
VOLKSWAGEN BRASIL;PASSAT SYNCRO 2.8/2.9 SYNCRO 1994 - 1996;-0,5;0,16;2,83;3,83;-1,06;1,06;-1,58;-0,92;-0,5;
VOLKSWAGEN BRASIL;PASSAT SYNCRO G60  1989 - 1993;-1,66;-1;1,17;2,17;-1,06;1,06;-1,83;-1,33;1,06;
VOLKSWAGEN BRASIL;PASSAT SYNCRO HD  2001 - 2005;-0,67;0,17;-;-;1,63;2,5;-1,17;-0,17;0,63;
VOLKSWAGEN BRASIL;PASSAT SYNCRO SPORT  1996 em diante;-1,09;-0,25;-;-;1,63;2,5;-1,17;-0,17;0,63;
VOLKSWAGEN BRASIL;PASSAT SYNCRO SPORT  2001 - 2005;-1,09;-0,25;-;-;1,63;2,5;-1,17;-0,17;0,63;
VOLKSWAGEN BRASIL;PASSAT VR6 LB108392-   1991 - 1993;-1,5;-0,84;2,83;3,83;-1,06;1,06;-1,99;-1,33;1,06;
VOLKSWAGEN BRASIL;PASSAT VR6 LB108393+  1991 - 1993;-1,5;-0,84;2,83;3,83;-1,06;1,06;-1,67;-1,33;1;
VOLKSWAGEN BRASIL;PASSAT VR6 LE222110-   1991 - 1993;-1,5;-0,84;2,83;3,83;-1,06;1,06;-1,99;-1,33;1,06;
VOLKSWAGEN BRASIL;PASSAT VR6 LE222111+ 1991 - 1993;-1,5;-0,84;2,83;3,83;-1,06;1,06;-1,67;-1,33;1;
VOLKSWAGEN BRASIL;PHAETON;-1,55;-0,71;-;-;1,69;3,31;-2;-1;0,19;
VOLKSWAGEN BRASIL;PHAETON V6 TDI/V8/V10 TDI/W12 (GERMANY)  2003 em diante;-1,55;-0,71;-;-;1,94;3,56;-2;-1;1;
VOLKSWAGEN BRASIL;POLO / CLASSIC COUPE 1984 - 1990 ;-0,5;0,5;1,83;2,83;-1,06;1,06;-2;-1,34;1,06;
VOLKSWAGEN BRASIL;POLO 02 G01/G02/G09/G10/G13 SUSP.STAND.;-1;0;2,57;4,57;-1;1;-1,05;-1,45;1;
VOLKSWAGEN BRASIL;POLO 02 G01/G09/G13 SUSP.STAND.;-1;0;2,25;3,25;-1;1;-1,05;-1,45;1;
VOLKSWAGEN BRASIL;POLO 02 G03/G11/G15 SUSP. HARD;-0,45;0,15;3,4;4,4;-1;1;-1,05;-1,45;0,5;
VOLKSWAGEN BRASIL;POLO 02 G03/G11/G15/G16 SUSP. HARD;-0,45;0,15;2,1;3,1;-1;1;-1,05;-1,45;0,5;
VOLKSWAGEN BRASIL;POLO 02 G12 SUSP. SPORT;-1,1;0,1;4,1;5,1;-1;1;-1,05;-1,45;1,5;
VOLKSWAGEN BRASIL;POLO 1.0/1.3  1990 - 1994;-0,5;0,5;1,83;2,83;-1,06;1,06;-1,67;-1,33;1;
VOLKSWAGEN BRASIL;POLO 1.3 GT  1990 - 1994;-0,67;0,33;1,83;2,83;-1,06;1,06;-1,67;-1,33;1;
VOLKSWAGEN BRASIL;POLO 1.4 16V > VIN281178 1.6 16V 1998 - 2002;-0,83;-0,17;1,83;2,83;-1,06;1,06;-2;-1,34;1;
VOLKSWAGEN BRASIL;POLO 1.6 8V ABS 3/5 DR  1999 - 2202;-0,75;-0,09;1,83;2,83;-1,06;1,06;-2;-1,34;1;
VOLKSWAGEN BRASIL;"POLO 13""  2002 - 2006";-0,97;0,03;2,42;3,42;-1,06;1,06;-;-;1,13;
VOLKSWAGEN BRASIL;"POLO 13"" G01/G09/G13 (GERMANY)  2002 em diante";-0,96;0,04;2,41;3,41;0;2,13;-1,67;-1,33;1,13;
VOLKSWAGEN BRASIL;"POLO 13"" G03/G11/G15/G16 (GERMANY)  2002 em diante";-0,75;0,25;-1,79;-1,13;0;2,13;-1,67;-1,33;0,63;
VOLKSWAGEN BRASIL;"POLO 13"" HD  2002 - 2006";-0,75;0,25;2,2;3,2;-1,06;1,06;-1,75;-1,09;0,63;
VOLKSWAGEN BRASIL;"POLO 14' 15"" G01/02/09/10/13 (GERMANY)  2002 em diante";-0,96;0,04;3,96;4,96;0;2,13;-1,67;-1,33;1,13;
VOLKSWAGEN BRASIL;"POLO 14"" 15' G03/11/15/16 FUN GERMANY 2002 em diante";-0,75;0,25;3,73;4,73;0;2,13;-1,67;-1,33;0,63;
VOLKSWAGEN BRASIL;"POLO 14"" 15""  2002 - 2006";-0,97;0,03;3,97;4,97;-1,06;1,06;-1,75;-1,09;1,13;
VOLKSWAGEN BRASIL;"POLO 14"" 15"" G12 (GERMANY) 2002 em diante";-1,15;-0,15;4,2;5,2;0;2,13;-1,67;-1,33;1,63;
VOLKSWAGEN BRASIL;"POLO 14""/15"" HD  2002 - 2006";-0,75;0,25;3,73;4,73;-1,06;1,06;-1,75;-1,09;0,63;
VOLKSWAGEN BRASIL;POLO 2013 a 2015;-0,28;0,3;0,3;4,28;-1,03;1,03;-1,3;0,2;1,04;
VOLKSWAGEN BRASIL;POLO 3/5 DR 1.4 16V < VIN281178 1996 em diante;-0,83;-0,17;0,83;1,83;-1,06;1,06;-2;-1,34;1;
VOLKSWAGEN BRASIL;POLO 3/5 DR 1995 - 2002;-0,75;-0,09;0,83;1,83;-1,06;1,06;-2;-1,34;1;
VOLKSWAGEN BRASIL;POLO CHASSI 13  2007 em diante;-0,97;0,03;2,42;3,42;-1,06;1,06;-1,75;-1,09;1,13;
VOLKSWAGEN BRASIL;POLO CHASSI 14/15 2007 em diante;-0,97;0,03;3,97;4,97;-1,06;1,06;-1,75;-1,09;1,13;
VOLKSWAGEN BRASIL;POLO CHASSI 14/15 2007 em diante;-0,75;0,25;3,73;4,73;-1,06;1,06;-1,75;-1,09;0,63;
VOLKSWAGEN BRASIL;POLO CLASSIC 4DR 1996 - 2002;-0,83;-0,17;0,93;1,93;-1,06;1,06;-1,67;-1,33;1;
VOLKSWAGEN BRASIL;POLO COUPE  1982 - 1984;-0,83;0,17;1,83;2,83;-1,06;1,06;-2;-1,34;1,06;
VOLKSWAGEN BRASIL;POLO COUPE (55-59KW)  1984 - 1990;-0,67;0,33;1,83;2,83;-1,06;1,06;-2;-1,34;1,06;
VOLKSWAGEN BRASIL;POLO DERBY  1974 - 1982;-0,17;0,83;1,83;2,83;-1,06;1,06;-1,08;0,08;-2,13;
VOLKSWAGEN BRASIL;POLO ESTATE  1997 - 2002;-0,75;-0,09;0,7;1,7;-1,06;1,06;-1,67;-1,33;1;
VOLKSWAGEN BRASIL;POLO G40  1984 - 1990;-0,83;0,17;1,83;2,83;-1,06;1,06;-2;-1,34;1,06;
VOLKSWAGEN BRASIL;POLO G40  1990 - 1994;-0,83;0,17;1,83;2,83;-1,06;1,06;-1,67;-1,33;1;
VOLKSWAGEN BRASIL;POLO HD CHASSI 13  2007 em diante;-0,75;0,25;2,2;3,2;-1,06;1,06;-1,75;-1,09;0,63;
VOLKSWAGEN BRASIL;POLO SPORT  2002 - 2006;-1,15;-0,15;4,2;5,2;-1,06;1,06;-1,75;-1,09;1,63;
VOLKSWAGEN BRASIL;POLO SPORT 2007 em diante;-1,15;-0,15;4,2;5,2;-1,06;1,06;-1,75;-1,09;1,63;
VOLKSWAGEN BRASIL;POLO VARIANT  1998 em diante;-0,83;-0,17;0,7;1,7;-1,06;1,06;-1,67;-1,33;1;
VOLKSWAGEN BRASIL;SAVEIRO CROSS DIR HIDRA. 2010 a 2015;-0,3;0,3;0,3;3,35;-1,11;1,11;-1,3;0,2;1,11;
VOLKSWAGEN BRASIL;SAVEIRO CROSS DIR MEC. 2010 a 2015 ;-0,3;0,3;0,3;2,12;-1,11;1,11;-1,3;0,2;1,11;
VOLKSWAGEN BRASIL;SAVEIRO DIR HIDRA. 2010 a 2015;-0,3;0,3;0,3;4,06;-1,03;1,03;-1,3;0,3;1,03;
VOLKSWAGEN BRASIL;SAVEIRO DIR MEC. 2010 a 2015;-0,3;0,3;0,3;2,43;-1,03;1,03;-1,3;0,3;1,03;
VOLKSWAGEN BRASIL;SCIROCCO  1974 - 1984;-0,17;0,83;1,33;2,33;-2,63;0;-1,58;-0,42;-2,06;
VOLKSWAGEN BRASIL;SHARAN  2007 em diante;-1,08;0,42;2,66;4;-1;3,13;-0,83;0,17;-2,63;
VOLKSWAGEN BRASIL;SHARAN 1BA 1995 em diante;-1,08;0,42;2,66;4;-1;3,13;-0,83;0,17;-2,63;
VOLKSWAGEN BRASIL;SHARAN 1BA/1BR/1BH (GERMANY) 1 996 em diante;-1,08;0,42;2,67;3,99;-1;3,13;-0,83;0,17;-2,63;
VOLKSWAGEN BRASIL;SHARAN 1BB (GERMANY) 1996 em diante ;-0,83;0,67;2,51;3,83;-1;3,13;-0,83;0,17;-2,63;
VOLKSWAGEN BRASIL;SHARAN 1BB HD 1995 em diant;-0,83;0,67;2,5;3,84;-1;3,13;-0,83;0,17;-2,63;
VOLKSWAGEN BRASIL;SHARAN 1BE (GERMANY) 1996 em diante;-1,41;0,09;2,92;4,24;-1;3,13;-1,16;-0,16;-0,94;
VOLKSWAGEN BRASIL;SHARAN 1BE 1995 em diante;-1,42;0,08;2,91;4,25;-1;3,13;-1,17;-0,17;-0,94;
VOLKSWAGEN BRASIL;SHARAN 2001 - 2006;-1,08;0,42;2,66;4;-1;3,13;-0,83;0,17;-2,63;
VOLKSWAGEN BRASIL;SHARAN HD 2001 - 2006;-0,83;0,67;2,5;3,84;-1;3,13;-0,83;0,17;-2,63;
VOLKSWAGEN BRASIL;SHARAN HD 2007 em diante;-0,83;0,67;2,5;3,84;-1;3,13;-0,83;0,17;-2,63;
VOLKSWAGEN BRASIL;SHARAN SPORT 1998 em diante;-1,42;0,08;2,91;4,25;-1;3,13;-1,17;-0,17;-0,94;
VOLKSWAGEN BRASIL;SHARAN SPORT 2001 - 2006;-1,42;0,08;2,91;4,25;-1;3,13;-1,17;-0,17;-0,94;
VOLKSWAGEN BRASIL;SHARAN SPORT 2007 em diante;-1,42;0,08;2,91;4,25;-1;3,13;-1,17;-0,17;-0,94;
VOLKSWAGEN BRASIL;SPACEFOX DIR. HIDR.   2011;-0,51;0,09;3,25;4,25;0,1;1,03;-1,4;-0,6;0,41;
VOLKSWAGEN BRASIL;TARO 1989 - 1994;-1,17;-0,17;0,25;1,25;4,69;6,81;-;-;-;
VOLKSWAGEN BRASIL;TARO 4WD 1989 - 1994;0,25;1,75;0,75;2,25;0;1,5;-;-;-;
VOLKSWAGEN BRASIL;TARO 4WD IFS 1989 - 1995;0;1;0,67;1,67;0,31;1,81;-;-;-;
VOLKSWAGEN BRASIL;TARO D CREW CAB 1989 - 1994;0,12;1,12;0,23;1,23;3,13;5,25;-;-;-;
VOLKSWAGEN BRASIL;TIGUAN ;-0,57;0,03;;;0;1,06;;;;
VOLKSWAGEN BRASIL;TOUAREG 1BA (GERMANY)  2003 em diante;-0,33;0,33;8,5;-;0;1;-1,33;-0,67;1;
VOLKSWAGEN BRASIL;TOUAREG 1BA (GERMANY) 2003 em diante ;-0,33;0,33;8,17;-;0;1;-1,33;-0,67;1;
VOLKSWAGEN BRASIL;TOUAREG 1BK (GERMANY)  2003 em diante;-0,5;0,16;8,58;-;0;1;-1,33;-0,67;1;
VOLKSWAGEN BRASIL;TOUAREG 2003 - 2006;-0,31;0,35;7,62;8,62;0,25;1,25;-1,26;-0,6;0,44;
VOLKSWAGEN BRASIL;TOUAREG 2007 em diante;-0,5;0,16;8,08;9,08;0,56;1,56;-1,33;-0,67;0,56;
VOLKSWAGEN BRASIL;TOUAREG A/S  2003 - 2006;-0,5;0,16;8,08;9,08;0,56;1,56;-1,33;-0,67;0,56;
VOLKSWAGEN BRASIL;TOUAREG EXPEDITION (GERMANY)  2003 em diante;-0,33;0,33;7,83;-;0,5;0,5;-1,33;-0,67;1;
VOLKSWAGEN BRASIL;TOUAREG WITH AIR SPRINGS 2006 em diante;-0,34;0;8,58;-;1,06;1,06;-1,33;-0,67;1;
VOLKSWAGEN BRASIL;TOUAREG WITH STEEL SPRINGS (1BA)  2006 em diante;-0,17;0,17;8,17;-;0,5;0,5;-1,33;-0,67;1;
VOLKSWAGEN BRASIL;TOUAREG WITH STEEL SPRINGS (1BE) SPORT  2006 em diante;-0,17;0,17;8,5;-;0,5;0,5;-1,33;-0,67;1;
VOLKSWAGEN BRASIL;TOURAN  2003 - 2006;-1,03;-0,03;7,05;8,05;-1,06;1,06;-2,25;-1,25;0,5;
VOLKSWAGEN BRASIL;TOURAN  2007 em diante;-1,03;-0,03;7,05;8,05;-1,06;1,06;-2,25;-1,25;0,5;
VOLKSWAGEN BRASIL;TOURAN  2007 em diante;-0,75;0,25;6,78;7,78;-1,06;1,06;-1,75;-1,75;0,5;
VOLKSWAGEN BRASIL;TOURAN G24/G25/G26 (GERMANY)  2003 em diante;-1;0;7,06;8,06;0;2,13;-1,83;-0,83;-0,25;
VOLKSWAGEN BRASIL;TOURAN G27/G28 (GERMANY) 2003 em diante;-1,18;-0,18;7,28;8,28;0;2,13;-2,08;-1,08;0,13;
VOLKSWAGEN BRASIL;TOURAN G29/G30 (GERMANY) 2003 em diante;-0,75;0,25;6,78;7,78;0;2,13;-1,83;-0,83;-0,25;
VOLKSWAGEN BRASIL;TOURAN HD  2003 - 2006;-0,75;0,25;6,78;7,78;-1,06;1,06;-2,25;-1,25;0,5;
VOLKSWAGEN BRASIL;TOURAN SPORT  2003 - 2006;-1,18;-0,18;7,28;8,28;-1,06;1,06;-2,48;-1,48;0,5;
VOLKSWAGEN BRASIL;TOURAN SPORT  2007 em diante;-1,18;-0,18;7,28;8,28;-1,06;1,06;-2,48;-1,48;0,5;
VOLKSWAGEN BRASIL;TRABSPORTER MULTIVAN SPORT  2003 - 2006;-1,17;0,33;3,83;5,17;-1;3,13;-1,55;-0,05;-1;
VOLKSWAGEN BRASIL;TRANSPORTER   1967 - 1979;0,34;1;2,33;3,67;0;3,38;2,5;3,5;-5,25;
VOLKSWAGEN BRASIL;TRANSPORTER   1979 - 1989;-0,5;0,5;7;7,5;-1;5,25;-1,33;-0,33;-2,06;
VOLKSWAGEN BRASIL;TRANSPORTER CAMPER   2003 - 2006;-0,92;0,58;3,5;4,84;-1;3,13;-1,47;0,03;-1;
VOLKSWAGEN BRASIL;TRANSPORTER CAMPER   2007 em diante;-0,92;0,58;3,5;4,84;-1;3,13;-1,47;0,03;-1;
VOLKSWAGEN BRASIL;TRANSPORTER CARAVELLE/MULTIVAN TYPE 1 1996 - 2003;-0,42;-0,42;2,67;3,67;0;4,13;-1;0;0;
VOLKSWAGEN BRASIL;TRANSPORTER CARAVELLE/MULTIVAN TYPE 2 1996 - 2003;-0,42;-0,42;2,67;3,67;0;4,13;-0,5;0,5;-1,44;
VOLKSWAGEN BRASIL;TRANSPORTER CARAVELLE/MULTIVAN TYPE 3 1996 - 2003;-0,58;-0,58;2,67;3,67;-1;3,13;-1;0;0;
VOLKSWAGEN BRASIL;TRANSPORTER CARAVELLE/MULTIVAN TYPE 4 1996 - 2003;-0,75;-0,75;2,67;3,67;-2,06;2,06;-1,17;-0,17;0,44;
VOLKSWAGEN BRASIL;TRANSPORTER CARAVELLE/MULTIVAN TYPE 5 1996 - 2003;-1;-1;2,67;3,67;-2,06;2,06;-1,17;-0,17;0,44;
VOLKSWAGEN BRASIL;TRANSPORTER CARAVELLE/MULTIVAN TYPE 6 2000 - 2003;-0,67;-0,67;2,67;3,67;0;4,13;-1;0;0;
VOLKSWAGEN BRASIL;TRANSPORTER CARAVELLE/MULTIVAN TYPE 7 2000 - 2003;-0,67;-0,67;2,67;3,67;0;4,13;-0,5;0,5;-1,44;
VOLKSWAGEN BRASIL;TRANSPORTER CARAVELLE/MULTIVAN TYPE 8 2000 - 2003;-0,83;-0,83;2,67;3,67;-1;3,13;-1;0;0;
VOLKSWAGEN BRASIL;TRANSPORTER CHASSI/CAB 2003 - 2006;-0,92;0,58;3,5;4,84;-1;3,13;-1,17;0,33;-1;
VOLKSWAGEN BRASIL;TRANSPORTER CHASSI/DOUBLE CAB SPORT  2003 - 2006;-1,08;0,42;3,5;4,84;-1;3,13;-1,17;0,33;-1;
VOLKSWAGEN BRASIL;TRANSPORTER CHASSIS/CAB 2007 em diante;-0,92;0,58;3,5;4,84;-1;3,13;-1,17;0,33;-1;
VOLKSWAGEN BRASIL;TRANSPORTER CHASSIS/DOUBLE CAB SPORT 2007 em diante;-1,08;0,42;3,5;4,84;-1;3,13;-1,17;0,33;-1;
VOLKSWAGEN BRASIL;TRANSPORTER MULTIVAN  2003 - 2006;-1;0,5;3,66;5;-1;3,13;-0,13;1,37;-1;
VOLKSWAGEN BRASIL;TRANSPORTER MULTIVAN  2007 em diante;-1;0,5;3,66;5;-1;3,13;-0,13;1,37;-1;
VOLKSWAGEN BRASIL;TRANSPORTER MULTIVAN HD 2003 - 2006;-0,92;0,58;3,5;4,84;-1;3,13;-1,17;0,33;-1;
VOLKSWAGEN BRASIL;TRANSPORTER MULTIVAN HD 2007 em diante;-1;0,5;3,66;5;-1;3,13;-1,37;0,13;-1;
VOLKSWAGEN BRASIL;TRANSPORTER MULTIVAN SPORT  2007 em diante;-0,92;0,58;3,5;4,84;-1;3,13;-1,17;0,33;-1;
VOLKSWAGEN BRASIL;TRANSPORTER SYNCRO   1985 - 1991;0;0,66;4,42;4,92;-;-;-0,25;-0,25;-1;
VOLKSWAGEN BRASIL;TRANSPORTER TYPE 1  1990 - 1995;-0,08;0,58;1,17;2,17;1,06;3,19;-1;0;0;
VOLKSWAGEN BRASIL;TRANSPORTER TYPE 2  1990 - 1995;-0,08;0,58;1,17;2,17;1,06;3,19;-0,5;0,5;-1,44;
VOLKSWAGEN BRASIL;TRANSPORTER TYPE 3  1990 - 1995;-0,33;0,33;1,17;2,17;-1;3,13;-1;0;0;
VOLKSWAGEN BRASIL;TRANSPORTER TYPE 4  1990 - 1995;-0,5;0,16;1,33;2,33;-2,06;2,06;-1,17;-0,17;1,44;
VOLKSWAGEN BRASIL;TRANSPORTER VAN/COMBI  2007 em diante;-0,92;0,58;3,5;4,84;-1;3,13;-1,17;0,33;-1;
VOLKSWAGEN BRASIL;TRANSPORTER VAN/KOMBI  2003 - 2006;-0,92;0,58;3,5;4,84;-1;3,13;-1,17;0,33;-1;
VOLKSWAGEN BRASIL;TRANSPORTER VAN/KOMBI SPORT  2003 - 2006;-1;0,5;3,66;5;-1;3,13;-1,37;0,13;-1;
VOLKSWAGEN BRASIL;TRANSPORTER VAN/KOMBI SPORT  2007 em diante;-1;0,5;3,66;5;-1;3,13;-1,37;0,13;-1;
VOLKSWAGEN BRASIL;UP!      -2014;-0,36;0;3,52;4,52;0,53;2,69;-1;0;-0,1;
VOLKSWAGEN BRASIL;VAN 211 / 231  1997  em diante;0,17;1,17;0;1;0;2;-1,33;0,33;-1,25;
VOLKSWAGEN BRASIL;VAN 261  1997 em diante;0,17;1,17;0;1;0;2;-1,33;0,33;-0,5;
VOLKSWAGEN BRASIL;VAN 271  1997 em diante;0,17;1,17;0;1;-4,13;6,25;0;0;-1,25;
VOLKSWAGEN BRASIL;VOYAGE DIR. HIDR 2010;-0,45;0,15;3,46;4,46;0,1;1,03;-2,06;-1,06;1,03;
VOLKSWAGEN BRASIL;VOYAGE DIR. MEC 2010;-0,45;0,15;2,19;3,19;0,1;1,03;-2,06;-1,06;1,03;
VOLKSWAGEN BRASIL;VOYAGE NOVO  2009;-0,47;0,13;3,46;4,46;-0,99;0;-2,06;-1,06;1,02;
FIAT BRASIL;500;-1,04;-0,04;2,52;3,52;-0,27;0,75;-1,4;-0,4;-0,66;
FIAT BRASIL;UNO NOVO WAY 1.4 2010 em diant ;-0,3;0,3;2,2;3,2;-0,99;0,03;-1,15;-0,15;1,05;
FIAT BRASIL;UNO NOVO WAY 1.4 2010 em diant ;-0,3;0,3;2,2;3,2;-0,99;0,03;-1,15;-0,15;1,05;
FIAT BRASIL;UNO NOVO WAY 1.4 2010 em diant ;-0,3;0,3;2,2;3,2;-0,99;0,03;-1,15;-0,15;1,05;
FIAT BRASIL;UNO NOVO WAY 1.0 DIR.MEC 2010 em diant;-0,3;0,3;1,2;2,2;-0,99;0,03;-1,15;-0,15;1,05;
FIAT BRASIL;UNO NOVO WAY 1.0 DIR.MEC 2010 em diant;-0,3;0,3;1,2;2,2;-0,99;0,03;-1,15;-0,15;1,05;
FIAT BRASIL;UNO NOVO WAY 1.0 DIR.HIDR 2010 em diant;-0,3;0,3;2,2;3,2;-0,99;0,03;-1,15;-0,15;1,05;
FIAT BRASIL;UNO NOVO WAY 1.0 DIR.HIDR 2010 em diant;-0,3;0,3;2,2;3,2;-0,99;0,03;-1,15;-0,15;1,05;
FIAT BRASIL;UNO NOVO VIVACE 1.0 DIR.HIDR 2010 em diant;-0,3;0,3;1,2;2,2;-0,99;0,03;-1,15;-0,15;1,05;
FIAT BRASIL;UNO NOVO VIVACE 1.0 DIR.HIDR 2010 em diant;-0,3;0,3;2,2;3,2;-0,99;0,03;-1,15;-0,15;1,05;
FIAT BRASIL;UNO NOVO VIVACE 1.0 DIR.HIDR 2010 em diant;-0,3;0,3;1,2;2,2;-0,99;0,03;-1,15;-0,15;1,05;
FIAT BRASIL;UNO NOVO VIVACE 1.0 DIR.HIDR 2010 em diant;-0,3;0,3;2,2;3,2;-0,99;0,03;-1,15;-0,15;1,05;
FIAT BRASIL;UNO NOVO ATTRACTIVE 1.4 DIR.MEC 2010 em diant;-0,3;0,3;1,2;2,2;-0,99;0,03;-1,15;-0,15;1,05;
FIAT BRASIL;UNO NOVO ATTRACTIVE 1.4 DIR.MEC 2010 em diant;-0,3;0,3;1,2;2,2;-0,99;0,03;-1,15;-0,15;1,05;
FIAT BRASIL;UNO NOVO ATTRACTIVE 1.4 DIR.HIDR 2010 em diant ;-0,3;0,3;2,2;3,2;-0,99;0,03;-1,15;-0,15;1,05;
FIAT BRASIL;UNO NOVO ATTRACTIVE 1.4 DIR.HIDR 2010 em diant ;-0,3;0,3;2,2;3,2;-0,99;0,03;-1,15;-0,15;1,05;
FIAT BRASIL;UNO MILLE WAY  2012 a 2013;-0,25;0,35;0,3;1,3;-1;1;-1;0;0;
FIAT BRASIL;UNO MILLE WAY  2012 a 2013;-0,25;0,35;0,3;1,3;-1;1;-1;0;0;
FIAT BRASIL;UNO FURGÃO MILLE FIRE 2012 a 2013;-0,3;0,3;0,45;1,45;-1;1;-1,15;-0,15;0;
FIAT BRASIL;UNO FURGÃO MILLE FIRE 2012 a 2013;-0,3;0,3;0,45;1,45;-1;1;-1,15;-0,15;0;
FIAT BRASIL;STRADA TREKKING SPORTING 1.8  2012 a 2012;-1;0;1;2;-1,99;0;-0,3;0,3;-1,99;
FIAT BRASIL;STRADA TREKKING SPORTING 1.8  2012 a 2012;-1;0;1;2;-1,99;0;-0,3;0,3;-1,99;
FIAT BRASIL;STRADA PICK-UP 1.7 TD/1.9D 1999 em diante;-0,87;0,13;1;2;-2,13;0;-;-;-;
FIAT BRASIL;STRADA PICK-UP 1.2 I  1999 - 2004;-0,8;0,2;1,12;2,12;-2,13;0;-;-;-;
FIAT BRASIL;STRADA FIRE 1.4 DIR.MEC ;-1;0;-0,3;0,3;-1,97;0;-0,3;0,3;-0,51;
FIAT BRASIL;STRADA FIRE 1.4 DIR.MEC ;-1;0;-0,3;0,3;-1,97;0;-0,3;0,3;-0,51;
FIAT BRASIL;STRADA 1.8 2012 a 2013;-1,3;-0,3;1,3;2,3;-1,99;0;-0,3;0,3;-1,99;
FIAT BRASIL;STRADA 1.8 2012 a 2013;-1,3;-0,3;1,3;2,3;-1,99;0;-0,3;0,3;-1,99;
FIAT BRASIL;STRADA 1.4 1.6 DIR.MEC 2012 a 2013;-1;0;-0,3;0,3;-1,97;0;-0,3;0,3;-2;
FIAT BRASIL;STRADA 1.4 1.6 DIR.MEC 2012 a 2013;-1;0;-0,3;0,3;-1,97;0;-0,3;0,3;-2;
FIAT BRASIL;STRADA 1.4 1.6 DIR.HIDR 2012 a 2013;-1;0;1;2;-1,97;0;-0,3;0,3;-2;
FIAT BRASIL;STRADA 1.4 1.6 DIR.HIDR 2012 a 2013;-1;0;1;2;-1,97;0;-0,3;0,3;-2;
FIAT BRASIL;STILO 2.4  2001 - 2005;-1,17;-0,17;2,38;3,38;-1,63;0;-1,42;-0,42;0,81;
FIAT BRASIL;STILO 1.9 JTD MULTI WAGON 2001 - 2005;-1,17;-0,17;2,38;3,38;-1,88;0;-1,42;-0,42;0,94;
FIAT BRASIL;STILO 1.6/1.8 MULTI WAGON  2001 -2005;-1,17;-0,17;2,38;3,38;-1,88;0;-1,42;-0,42;0,94;
FIAT BRASIL;STILO 1.6/1.8 MULTI WAGON  2001 - 2005;-1,17;-0,17;2,38;3,38;-1,63;0;-1,42;-0,42;0,81;
FIAT BRASIL;STILO 1.2  2001 em diante;-1,17;-0,17;2,38;3,38;-1,63;0;-1,42;-0,42;0,81;
FIAT BRASIL;STILO 1.2  2001 - 2004;-1,17;-0,17;2,38;3,38;-1,88;0;-1,42;-0,42;0,94;
FIAT BRASIL;SPORTING/HGT  2003 - 2005;-2,02;-1,02;2,17;3,17;-1,06;1,06;-1,75;-0,75;0;
FIAT BRASIL;SIENA PAS   1997 - 2003;-0,8;0,2;1,75;2,75;-2,13;0;-1;0;0;
FIAT BRASIL;SIENA NOVO 1.0 / FIRE DIR. HIDR.;-1;0;1;2;-2;0;-1;0;0;
FIAT BRASIL;SIENA NOVO 1.0 / FIRE DIR. HIDR.;-1;0;1;2;-2;0;-1;0;0;
FIAT BRASIL;SIENA NOVO 1.0 / FIRE DIR. HIDR.;-1;0;1;2;-2;0;-1;0;0;
FIAT BRASIL;SIENA NOVO 1.0 / FIRE DIR. HIDR.;-1;0;1;2;-2;0;-1;0;0;
FIAT BRASIL;SIENA 1.0 1.4 DIR.MEC 2012 a 2013;-1;0;1,04;2,04;-1,97;0;-1;0;0;
FIAT BRASIL;SIENA 1.0 1.4 DIR.MEC 2012 a 2013;-1;0;1,04;2,04;-1,97;0;-1;0;0;
FIAT BRASIL;SIENA 1.0 1.4 DIR.HIDR 2012 a 2013;-1;0;1,5;2,5;-1,97;0;-1;0;0;
FIAT BRASIL;SIENA 1.0 1.4 DIR.HIDR 2012 a 2013;-1;0;1,5;2,5;-1,97;0;-1;0;0;
FIAT BRASIL;SIENA  1997 - 2003;-0,8;0,2;0,92;1,92;-2,13;0;-1;0;0;
FIAT BRASIL;SEICENTO SPORTING  1998 - 2005;-0,3;0,7;1,37;2,37;-2,13;0;-0,13;0,87;-3,25;
FIAT BRASIL;SEICENTO 899  1998 - 2005;-0,3;0,7;1;2;-2,13;0;0,2;1,2;-3,25;
FIAT BRASIL;SCUDO PAS  1995 - 2005;-0,5;0,5;3;4;0,94;2,81;-1,5;-0,5;0,94;
FIAT BRASIL;SCUDO 2.0 16V  2000 em diante;-0,5;0,5;2,08;3,08;0,75;2,63;-1,5;-0,5;0,44;
FIAT BRASIL;SCUDO  1995 em diante;-0,5;0,5;1;2;0,94;2,81;-1,5;-0,5;0,94;
FIAT BRASIL;RITMO/STRADA D  1984 - 1989;1;2;0,42;1,42;-1,06;1,06;0,17;1,17;0;
FIAT BRASIL;RITMO/STRADA 70AT/85S  1984 - 1989;1;2;0,42;1,42;-1,06;1,06;0,17;1,17;0;
FIAT BRASIL;RITMO/STRADA 70/85-S/D  1982 - 1984;1;2;0,67;1,67;-2;-0,75;0,5;1,5;0;
FIAT BRASIL;RITMO/STRADA 60/60 ES  1982 - 1984;1,17;2,17;0,83;1,83;-3,56;-1,44;0,5;1,5;0;
FIAT BRASIL;RITMO/STRADA 125-130 TC  1982 - 1984;-0,49;0,17;0,08;0,58;-3,13;-1;-3;-2;1,06;
FIAT BRASIL;RITMO/STRADA 125 TC  1982 - 1984;-0,33;-0,33;0,33;0,33;-4,19;-2,06;-1,25;-1,25;2,63;
FIAT BRASIL;RITMO/STRADA 105 TC  1982 - 1984;0,92;1,92;0,83;1,83;-1,88;-1,88;0,17;1,17;0;
FIAT BRASIL;RITMO/STRADA   ABARTH  1982 - 1984;-0,5;0,16;0,08;0,58;-3,13;-1;-3;-2;1,06;
FIAT BRASIL;RITMO/STRADA   1982 - 1987;1,17;2,17;1,5;2,5;-4,38;-2,38;0,5;1,5;0;
FIAT BRASIL;RITMO/STRADA   1978 - 1982;0;1;0;1;-2,13;0;0;1;0;
FIAT BRASIL;RITMO TURBO DS  1986 - 1989;1,17;2,17;1;2;-1,06;1,06;-0,5;0,5;0;
FIAT BRASIL;RITMO ABARTH 125 - 130 TC  1984 - 1989;-0,83;0,17;0,08;0,92;-2,13;0;-3;-2;1,06;
FIAT BRASIL;RITMO 90S IE  1987 - 1989;1,17;2,17;1;2;-1,06;1,06;-1;0;0;
FIAT BRASIL;RITMO 105 TC  1984 - 1989;0,92;1,92;0,58;1,58;-1,06;1,06;-1;0;0;
FIAT BRASIL;REGATA WEEKEND T DS  1986 - 1989;1;2;1;2;-1,06;1,06;-0,67;0,33;2,13;
FIAT BRASIL;REGATA WEEKEND 100/D  1985 - 1987;1;2;1;2;-1,06;1,06;-0,67;0,67;2;
FIAT BRASIL;REGATA WEEKEND 1.5/1.6 D  1989 - 1991;0,5;1,5;1;2;-1,06;1,06;-0,67;0,67;2;
FIAT BRASIL;REGATA TURBO DS  1989 - 1990;0,5;1,5;1;2;-1,06;1,06;-0,75;0,25;0;
FIAT BRASIL;REGATA TURBO DS  1986 - 1989;1;2;1;2;-1,06;1,06;-0,75;0,25;0;
FIAT BRASIL;REGATA D/DS  1989 - 1990;1;2;1;2;-1,06;1,06;-0,75;0,25;-0,06;
FIAT BRASIL;REGATA 90S/100S IE  1986 - 1990;1;2;1;2;-1,06;1,06;-0,75;0,25;0;
FIAT BRASIL;REGATA 100  1985 - 1987;1;2;1;2;-1,06;1,06;-0,75;0,25;0;
FIAT BRASIL;REGATA 1.3/1.5/1.6 DOHC  1989 - 1990;0,7;1,7;1;2;-1,06;1,06;-0,75;0,25;0;
FIAT BRASIL;RAGATA WEEKEND 90/100 IE 1986 - 1989;1;2;1;2;-1,06;1,06;-0,67;0,33;2,13;
FIAT BRASIL;RAGATA WEEKEND 70/75/85   1985 - 1990;1,25;2,25;1;2;-1,06;1,06;-0,5;0,5;2;
FIAT BRASIL;RAGATA WEEKEND 1300  1989 - 1991;0,83;1,83;1;2;-1,06;1,06;-0,67;0,67;2;
FIAT BRASIL;RAGATA 85AT/85AC  1983 - 1984;1,17;2,17;0,67;1,67;-1,06;1,06;-0,17;0,83;0;
FIAT BRASIL;RAGATA 85A+AC D  1984 - 1985;1;2;0,5;1,5;-1,06;1,06;-0,75;0,25;0;
FIAT BRASIL;RAGATA 70/ES/85A/85AC  1984 - 1985;1,17;2,17;0,67;1,67;-1,06;1,06;-0,75;0,25;0,19;
FIAT BRASIL;RAGATA 70/ES  1983 - 1984;1,17;2,17;0,67;1,67;-1,06;1,06;-0,17;0,83;-0,06;
FIAT BRASIL;RAGATA 70/85/ES/D/AT  1985 - 1990;1,4;2,4;1;2;-1,06;1,06;-0,75;0,25;-0,06;
FIAT BRASIL;RAGATA 100/AC  1984 - 1985;0,75;1,75;0,5;1,5;-1,06;1,06;-0,75;0,25;0;
FIAT BRASIL;RAGATA 100/AC  1983 - 1984;0,75;1,75;0,5;1,5;-1,06;1,06;-0,17;0,83;0;
FIAT BRASIL;PUNTO TD  1993 - 1995;-0,75;0,25;2,33;3,33;-1,06;1,06;-0,75;0,25;-1;
FIAT BRASIL;PUNTO SPORTING  1997 - 1999;-1,33;-0,33;2,33;3,33;-1,06;1,06;-1,08;-0,08;0,25;
FIAT BRASIL;PUNTO SELECTA 60 CABRIO  1994 - 1999;-0,92;0,08;0,83;1,83;-1,06;1,06;-0,92;0,08;-1;
FIAT BRASIL;PUNTO GT/SPORTING  1993 em diante;-1,33;-0,33;2,33;3,33;-1,06;1,06;-1,08;-0,08;0,25;
FIAT BRASIL;PUNTO GT  1993 - 1999;-1,33;-0,33;2,33;3,33;-1,06;1,06;-1,08;-0,08;0,25;
FIAT BRASIL;PUNTO 90/90 CABRIO  1993 - 1999;-0,75;0,25;2,33;3,33;-1,06;1,06;-0,92;0,08;-1;
FIAT BRASIL;PUNTO 85/85 CABRIO PAS  1997 - 1999;-0,92;0,08;2,33;3,33;-1,06;1,06;-0,08;0,92;-1;
FIAT BRASIL;PUNTO 85/85 CABRIO  1997 - 1999;-0,92;0,08;1;2;-1,06;1,06;-0,08;0,92;-1;
FIAT BRASIL;PUNTO 75/TD PAS  1993 - 1999;-0,75;0,25;2,33;3,33;-1,06;1,06;-0,75;0,25;-1;
FIAT BRASIL;PUNTO 60/75 SELECTA  1993 - 1999;-0,75;0,25;0,83;1,83;-1,06;1,06;-0,75;0,25;-0,81;
FIAT BRASIL;PUNTO 55  1993 - 1999;-0,8;0,2;0,83;1,83;-1,06;1,06;-0,75;0,25;-0,75;
FIAT BRASIL;PUNTO 1.9D  1999 - 2004;-1,4;-0,4;1,92;2,92;-1,06;1,06;-1,25;-0,25;2,31;
FIAT BRASIL;PUNTO 1.9 JTD/MULTIJET;;;;;;;-;-;-;
FIAT BRASIL;PUNTO 1.9 JTD  1999 - 2004;-1,45;-0,45;1,92;2,92;-1,06;1,06;-1,25;-0,25;2,31;
FIAT BRASIL;PUNTO 1.8 2013 a 2013;-1,5;-0,1;2,05;3,05;-0,58;0,03;-0,48;0,12;2,43;
FIAT BRASIL;PUNTO 1.8 2012 a 2012;-0,58;0,02;2,06;3,06;-1,98;0;-1,06;-0,06;2,02;
FIAT BRASIL;PUNTO 1.8 16V  2003 - 2005;-2,02;-1,02;2,17;3,17;-1,06;1,06;-1,75;-0,75;0;
FIAT BRASIL;PUNTO 1.8 16V  1999 - 2004;-1,85;-0,85;2,05;3,05;-0,94;0,94;-1,92;-0,92;2,31;
FIAT BRASIL;PUNTO 1.7 TD  1995 - 1999;-0,75;0,25;2;3;-1,06;1,06;-0,75;0,25;-0,75;
FIAT BRASIL;PUNTO 1.7 D   1995 - 1999;-0,77;0,23;2;3;-1,06;1,06;-0,53;0,47;-0,81;
FIAT BRASIL;PUNTO 1.6 JTD/MULTIJET  2003 - 2005;-1,38;-0,38;2;3;-1,06;1,06;-1,25;-0,25;-1,25;
FIAT BRASIL;PUNTO 1.6 2013 a 2013;-0,58;0,02;1,58;2,58;-1,51;-0,48;-0,5;0,1;2,21;
FIAT BRASIL;PUNTO 1.6 2012 a 2012;-0,58;0,02;2,06;3,06;-1,99;0;-1,06;-0,06;1,83;
FIAT BRASIL;PUNTO 1.4 GASOLINA 2013 a 2013;-1,07;-0,07;2,04;3,04;-1,51;-0,51;-0,48;0,12;2,4;
FIAT BRASIL;PUNTO 1.4 GASOLINA 2012 a 2012;-0,37;-0,01;2,05;2,41;-2,03;0;-0,4;-0,04;2,22;
FIAT BRASIL;PUNTO 1.4 2013 a 2013;-0,54;0,06;2,03;3,03;-1,51;-0,48;-0,5;0,1;2,21;
FIAT BRASIL;PUNTO 1.4 2012 a 2012 ;-0,58;0,02;2,04;3,04;-1,99;0;-1,06;-0,06;1,83;
FIAT BRASIL;PUNTO 1.4 16V  SPORTING/HGT 2003 - 2005;-2,02;-1,02;2,17;3,17;-1,06;1,06;-1,75;-0,75;0;
FIAT BRASIL;PUNTO 1.4 16V  2003 - 2005;-0,92;0,08;2,1;3,1;-1,06;1,06;-1,25;-0,25;-1,44;
FIAT BRASIL;PUNTO 1.3 MULTIJET   2003 - 2005;-1,38;-0,38;2;3;-1,06;1,06;-1,25;-0,25;-1,25;
FIAT BRASIL;PUNTO 1.2/1.2 16V  2003 - 2005;-0,92;0,08;2,1;3,1;-1,06;1,06;-1,25;-0,25;-1,25;
FIAT BRASIL;PUNTO 1.2 / 1.2 16V SPORTING 1999 - 2004;-1;0;2,1;3,1;-1,06;1,06;-1,25;-0,25;2,31;
FIAT BRASIL;PANDA EPS  2004 - 2005;-0,9;0,1;1,83;2,83;-1,06;1,06;-1,25;-0,25;0;
FIAT BRASIL;PANDA DIESEL  1986 - 1988;1;2;2,5;3,5;-6,25;-2,13;-0,5;0,5;-;
FIAT BRASIL;PANDA 750/9000/1000/1100  1986 - 2003;0,5;1,5;2;3;-4,13;0;-;-;-;
FIAT BRASIL;PANDA 4WD  1986 - 2003;1,83;2,83;3;4;-6,25;-2,13;-0,5;0,5;-;
FIAT BRASIL;PANDA 4WD  1984 - 1986;1,83;2,83;2;3;-6,25;-2,13;-0,5;0,5;-;
FIAT BRASIL;PANDA 30/PANDA 45  1980 - 1986;1;2;2,5;3,5;-4,13;0;0;0;-;
FIAT BRASIL;PANDA  2004 - 2005;-0,9;0,1;0,25;1,25;-1,06;1,06;-1,25;-0,25;0;
FIAT BRASIL;PALIO WEEKEND PAS  1997 em diante;-0,8;0,2;1,75;2,75;-2,13;0;-1;-0,5;-0,5;
FIAT BRASIL;PALIO WEEKEND  2002 em diante;-0,87;0,13;2;3;-2,13;0;-1;-0,5;-0,56;
FIAT BRASIL;PALIO WEEKEND  1997 - 2001;-0,8;0,2;0,92;1,92;-2,13;0;-1;-0,5;-0,5;
FIAT BRASIL;PALIO SPORTING 1.6 2012 a 2013;-1,03;-0,03;2,42;3,42;-1,98;0;-1,19;-0,19;4,21;
FIAT BRASIL;PALIO SPORTING 1.6 2012 a 2013;-1,03;-0,03;2,42;3,42;-1,98;0;-1,19;-0,19;4,21;
FIAT BRASIL;PALIO PAS  1999 em diante;-0,8;0,2;1,75;2,75;-2,13;0;-1;0;0;
FIAT BRASIL;PALIO FIRE ECONOMY 1.0 DIR.MEC 2012 a 2013;-1;0;1,04;2,04;-2;0;-1;0;0;
FIAT BRASIL;PALIO FIRE ECONOMY 1.0 DIR.HIDR 2012 a 2013;-1;0;1,5;2,5;-2;0;-1;0;0;
FIAT BRASIL;PALIO ESSENCE 2012 a 2013;-1,03;-0,03;2,35;3,35;-1,99;0;-1,17;-0,17;3,01;
FIAT BRASIL;PALIO ADVENTURE 1.8 2012 a 2013;-1,2;-0,2;1,5;2,5;-1,99;0;-1,1;-0,1;-0,48;
FIAT BRASIL;PALIO 1.0 1.4 DIR. MEC. 2012 a 2013;-1,02;-0,02;1,25;2,25;-1,97;0;-1,16;-0,16;2,78;
FIAT BRASIL;PALIO 1.0 1.4 DIR. HIDR. 2012 a 2013;-1,11;-0,11;2,28;3,28;-1,97;0;-1,16;-0,16;2,78;
FIAT BRASIL;PALIO  1999 em diante;-0,8;0,2;0,92;1,92;-2,13;0;-1;0;0;
FIAT BRASIL;NOVO UNO SPORTING 1.4     2013 a 2013;-0,5;0,1;2,3;3,3;-1,97;0;-1,18;-0,18;2,9;
FIAT BRASIL;NOVO UNO 1.0  1.4 DIR.MEC. 2012 a 2013;-0,3;0,3;1,2;2,2;-1,97;0;-1,15;-0,15;2,6;
FIAT BRASIL;NOVO UNO 1.0  1.4 DIR.HIDR. 2012 a 2013;-0,3;0,3;2,2;3,2;-1,97;0;-1,15;-0,15;2,6;
FIAT BRASIL;MULTIPLA  1999 - 2004;-0,25;0,75;3,17;4,17;-2,88;-1,88;-1,43;-0,43;-1,38;
FIAT BRASIL;MAREA TD 75   1996 em diante;-1,1;-0,1;1,45;2,45;-0,94;0,94;-1,5;-0,5;-2,38;
FIAT BRASIL;MAREA 2.0  1996 em diante;-1,1;-0,1;1,45;2,45;-0,94;0,94;-0,75;0,75;-3,13;
FIAT BRASIL;MAREA 1.6/1.8/TD 100/TD 125  1996 em diante;-1,1;-0,1;1,45;2,45;-0,94;0,94;-1,25;-0,25;-3,13;
FIAT BRASIL;MAREA / WEEKEND 1.89/2.0/2.4 TD 1996 em diante;-1,1;-0,1;1,45;2,45;-1,06;1,06;-1,25;-0,25;0;
FIAT BRASIL;MAREA / WEEKEND 1.4/1.6/1.9 TD 1996 em diante;-1,1;-0,1;1,45;2,45;-1,06;1,06;-1,25;-0,25;0;
FIAT BRASIL;MAREA / WEEKEND  2000 - 2003;-1,1;-0,1;1,45;2,45;-1,88;0;-1,25;-0,25;0;
FIAT BRASIL;LINEA 2012 a 2013;-1,08;-0,08;2,54;3,14;-1,99;0;-1,08;-0,08;2,02;
FIAT BRASIL;LINEA 1.8 1.9  2008 em diant;-1,07;-0,07;2,36;3,36;-1,03;0,06;-1,08;-0,08;0,77;
FIAT BRASIL;LINEA 1.4 T-SET 2008 em diant;-1,07;-0,07;2,3;3,3;-1,03;0,06;-1,08;-0,08;1,06;
FIAT BRASIL;IDEA 1.8 2012 a 2013;-1,28;-0,28;1,38;2,38;-1,99;0;-0,48;-0,28;-4,01;
FIAT BRASIL;IDEA 1.6 2012 a 2013;-1,23;-0,23;1,03;2,03;-1,99;0;-0,48;-0,28;-4,01;
FIAT BRASIL;IDEA 1.4 2012 a 2013;-1,14;-0,14;1,16;2,16;-1,99;0;-0,47;-0,27;-4,01;
FIAT BRASIL;IDEA  2004 - 2005;-1;0;2,42;3,42;-0,94;0,94;-1,25;-0,25;1,63;
FIAT BRASIL;GRAND SIENA 1.4 DIR.MEC 2012 a 2013;-1,05;-0,05;1,37;2,37;-1,97;0;-0,51;0,09;2,6;
FIAT BRASIL;GRAND SIENA 1.4 DIR.HIDR 2012 a 2013;-1,05;-0,05;2,4;3,4;-1,97;0;-0,51;0,09;2,6;
FIAT BRASIL;FREEMONT 2012 a 2013;-0,41;0,25;2;4;-1,81;3,18;-1,03;0,15;-1,98;
FIAT BRASIL;FIORINO VAN 1.7 D  1994 - 2001;-0,08;0,58;0,17;1,17;-4,19;-2,06;-;-;-;
FIAT BRASIL;FIORINO VAN 1.7 D  1991 - 1993;0,17;1,17;0,17;1,17;-4,19;-2,06;0,42;1,42;2,63;
FIAT BRASIL;FIORINO VAN 1.5 IE  1991 - 1993;0,08;1,08;-0,17;0,83;-4,19;-2,06;0,42;1,42;2,63;
FIAT BRASIL;FIORINO VAN 1.3/1.4/1.6  1994 - 2001;-0,66;0;0;0,66;-4,44;-2,19;-;-;-;
FIAT BRASIL;FIORINO VAN 1.3 D  1991 - 1993;0,42;1,42;0,33;1,33;-4,19;-2,06;0,42;1,42;2,63;
FIAT BRASIL;FIORINO VAN 1.1/1.3  1991 - 1993;0,08;1,08;0;1;-4,19;-2,06;-1,5;-0,5;2,63;
FIAT BRASIL;FIORINO VAN  1988 - 1990;1,33;2,33;0;1;-4,19;-2,06;-1,17;-0,17;2,81;
FIAT BRASIL;FIORINO PICK-UP D  1984 - 1988;0,83;1,83;1,08;2,08;-1,06;1,06;-0,25;0,75;2;
FIAT BRASIL;FIORINO PICK-UP D  1982 - 1984;1,17;2,17;1,33;2,33;-1,06;1,06;-0,25;0,75;2;
FIAT BRASIL;FIORINO PICK-UP 1.7D 1991 - 1993;-0,33;0,67;0,13;0,53;-4,19;-2,06;-1;0;2,63;
FIAT BRASIL;FIORINO PICK-UP 1.7D  1994 - 2001;-0,58;0,08;1,67;2,33;-4,44;-2,19;-;-;-;
FIAT BRASIL;FIORINO PICK-UP 1.5 IE  1991 - 1993;-0,08;0,92;0,13;0,53;-4,19;-2,06;-1;0;2,63;
FIAT BRASIL;FIORINO PICK-UP 1.3D  1991 - 1993;0,42;1,42;0,3;0,7;-4,19;-2,06;-1;0;2,63;
FIAT BRASIL;FIORINO PICK-UP 1.3/1.4/1.6  1994 - 2001;-0,73;-0,07;0;0,66;-4,44;-2,19;-;-;-;
FIAT BRASIL;FIORINO PICK-UP 1.1/1.3  1991 - 1993;0,08;1,08;-0,08;0,92;-4,19;-2,06;-1,17;-0,17;2,63;
FIAT BRASIL;FIORINO PICK-UP  1988 - 1990;1,33;2,33;-0,08;0,92;-4,19;-2,06;-1,25;-0,25;2,63;
FIAT BRASIL;FIORINO PICK-UP  1984 - 1988;1;2;1,33;2,33;-1,06;1,06;-0,25;0,75;2;
FIAT BRASIL;FIORINO PANORAMA 1.7D/TD 1994 - 2001;-0,58;0,08;0,5;1,16;-4,44;-2,19;-;-;-;
FIAT BRASIL;FIORINO PANORAMA 1.3/1.4/1.6 1994 - 2001;-0,58;0,08;0,5;1,16;-4,44;-2,19;-;-;-;
FIAT BRASIL;FIORINO PANORAMA  1984 - 1988;0,83;1,83;1,17;2,17;-1,06;1,06;-0,42;0,58;2;
FIAT BRASIL;FIORINO KOMBI 1.7D  1991 - 1994;0,17;1,17;0,12;1,12;-4,19;-2,06;-1,67;-0,67;2,63;
FIAT BRASIL;FIORINO KOMBI 1.3D  1991 - 1994;0,42;1,42;0,12;1,12;-4,19;-2,06;-1,67;-0,67;2,63;
FIAT BRASIL;FIORINO KOMBI  1991 - 1994;0,08;1,08;0,08;1,08;-4,19;-2,06;-1,67;-0,67;2,63;
FIAT BRASIL;FIORINO KOMBI  1988 - 1990;1,33;2,33;0;1;-4,19;-2,06;-1,42;-0,42;2,63;
FIAT BRASIL;FIORINO D  1982 - 1988;0,83;1,83;1,17;2,17;-1,06;1,06;-0,17;0,83;2;
FIAT BRASIL;FIORINO D  1982 - 1984;0,83;1,83;1,42;2,42;-1,06;1,06;-0,92;0,08;2;
FIAT BRASIL;FIORINO 2012 a 2013;-0,44;-0,04;1;2;-3;-1;-0,3;0,3;-2;
FIAT BRASIL;FIORINO 2012 a 2013;-0,44;-0,04;1;2;-3;-1;-0,3;0,3;-2;
FIAT BRASIL;FIORINO  1984 - 1988;1;2;1,33;2,33;-1,06;1,06;-0,17;0,83;2;
FIAT BRASIL;FIORINO  1982 - 1984;1,17;2,17;1,67;2,67;-1,06;1,06;-0,92;0,08;2;
FIAT BRASIL;DUNA D SW  1987 - 1990;1,42;2,42;0,42;1,42;-4,19;-2,06;-1,83;-0,83;3,13;
FIAT BRASIL;DUNA D  1987 - 1990;1,25;2,25;0,58;1,58;-4,19;-2,06;-2,42;-1,42;3,13;
FIAT BRASIL;DUNA 60/DUNA 70  1987 - 1990;1,25;2,25;0,67;1,67;-4,19;-2,06;-2,42;-1,42;3,13;
FIAT BRASIL;DUNA 60 SW/70 SW/CITIVAN  1987 - 1990;1,42;2,42;0,42;1,42;-4,19;-2,06;-;-;3,13;
FIAT BRASIL;DUCATO MAXICARGO MINIBUS E MULTI TETO ALTO 2012 a 2013;-0,3;0,3;1,15;2,15;-2,97;-0,99;-0,3;0,3;-1,5;
FIAT BRASIL;DUCATO MAXI VIN 5616154  1999 - 2002;0;0;0;1;-3,13;-1;-0,17;0,17;-1,06;
FIAT BRASIL;DUCATO MAXI VIN 5201981 - 561615  1998 - 1999;0;0;-0,17;0,83;-3,13;-1;-0,17;0,17;-1,06;
FIAT BRASIL;DUCATO MAXI ABS VIN 5213115 - 5616153   1998 - 1999;0;0;-0,17;0,83;-3,13;-1;-0,17;0,17;-1,06;
FIAT BRASIL;DUCATO MAXI 4X4  1994 - 2002;0;0;0;1;-3,13;-1;-0,17;0,17;-1,06;
FIAT BRASIL;DUCATO MAXI 2.0  1986 - 1988;1,5;2,5;-0,5;0,5;-1,06;1,06;-;-;-;
FIAT BRASIL;DUCATO MAXI > VIN 5201980 ABS > VIN 5213114  1994 - 1998;-0,5;0,5;-;-;-3,13;-1;-0,17;0,17;-1,06;
FIAT BRASIL;DUCATO CARGO MINIBUS E MULTI TETO BAIXO 2012 a 2013 ;-0,3;0,3;0,3;1,3;-2,97;-0,99;-0,3;0,3;-1,51;
FIAT BRASIL;DUCATO 2.8 JTD  2000 - 2002;-0,75;0,75;0,02;1,02;-2,81;-0,94;-0,5;0,5;-0,94;
FIAT BRASIL;DUCATO 18/MAXI/SWB LORRY 1990 - 1994;1,5;2,5;0;1;-1,63;0;-;-;-;
FIAT BRASIL;DUCATO 18/MAXI/SWB CRUISER 1990 - 1994;1,5;2,5;0;1;0;1,63;-;-;-;
FIAT BRASIL;DUCATO 18/MAXI/LWB VAN  1990 - 1994;1,5;2,5;0;1;-1,63;0;-;-;-;
FIAT BRASIL;DUCATO 18/MAXI  1994 em diante;-0,5;0,5;0,5;1,5;-1,06;1,06;-0,5;0,5;-0,81;
FIAT BRASIL;DUCATO 18/MAXI  1986 - 1989;2;2,5;0;0,5;-1,06;1,06;-;-;-;
FIAT BRASIL;DUCATO 18/MAX/SWB CRUIS/D/TD  1990 - 1994;1,5;2,5;0;1;-1,63;0;-;-;-;
FIAT BRASIL;DUCATO 18/MAX/LWD LORRY/TD 1990 - 1994;1,5;2,5;0;1;0;1,63;-;-;-;
FIAT BRASIL;DUCATO 18/MAX/LWD CRUIS.D 1990 - 1994;1,5;2,5;0;1;-1,63;0;-;-;-;
FIAT BRASIL;DUCATO 18/MAX/LWB LORRY/D 1990 - 1994;1,5;2,5;0;1;-1,63;0;-;-;-;
FIAT BRASIL;DUCATO 18/MAX/LWB CRUI.TD 1990 - 1994;1,5;2,5;0;1;-2,56;-0,94;-;-;-;
FIAT BRASIL;DUCATO 14 VIN 5198431 - 561615 1998 - 1999;0;0;-0,83;0,17;-3,13;-1;-0,17;0,17;-1,06;
FIAT BRASIL;DUCATO 14 VAN/4WD SWB  1990 - 1994;1,5;2,5;0;1;0;2,13;-;-;-;
FIAT BRASIL;DUCATO 14 TD  1986 - 1989;1,83;2,83;-1;1;-1,56;0,56;-;-;-;
FIAT BRASIL;DUCATO 14 S.COMBI SWB 4WD 1990 - 1994;1,5;2,5;0;1;-2,13;0;-;-;-;
FIAT BRASIL;DUCATO 14 LWB VAN 2.5D/TD 1990 - 1994;1,5;2,5;0;1;1,06;3,19;-;-;-;
FIAT BRASIL;DUCATO 14 LWB VAN 2.0  1990 - 1994;1,5;2,5;0;1;-2,13;0;-;-;-;
FIAT BRASIL;DUCATO 14 LWB VAN 1.9 TD  1990- 1994;1,5;2,5;0;1;0;1,63;-;-;-;
FIAT BRASIL;DUCATO 14 LWB  1986 - 1989;1,83;2,83;-1;1;-1,56;0,56;-;-;-;
FIAT BRASIL;DUCATO 14 COMBI SWB  1990 - 1994;1,5;2,5;0;1;-2,13;0;-;-;-;
FIAT BRASIL;DUCATO 14 4X4  1994 - 2002;0;0;1;;-3,13;-1;-0,17;0,17;-1,06;
FIAT BRASIL;DUCATO 14 > VIN 5616154  1999 - 2002;0;0;0;1;-3,13;-1;-0,17;0,17;-1,06;
FIAT BRASIL;DUCATO 14 > VIN 5198430  1994 - 1998;0;0;-0,5;0,5;-3,13;-1;-0,17;0,17;-1,06;
FIAT BRASIL;DUCATO 14  1986 - 1988;1,83;2,83;-1;1;-1,56;0,56;-;-;-;
FIAT BRASIL;DUCATO 13  1982 - 1986;1,83;2,83;0;1;1,06;3,19;-;-;-;
FIAT BRASIL;DUCATO 11/15/MAXI  2002 em diante;-0,75;0,75;-1;0;-2,81;-0,94;-0,5;0,5;-0,94;
FIAT BRASIL;DUCATO 10/14;-0,5;0,5;0,5;1,5;-1,06;1,06;-0,5;0,5;-1,06;
FIAT BRASIL;DUCATO 10/14;-0,5;0,5;0,5;1,5;-1,06;1,06;-0,5;0,5;-0,81;
FIAT BRASIL;DUCATO 10 VIN 5198431 - 561615 1998 - 1999;0;0;-0,17;0,83;-3,13;-1;-0,17;0,17;-1,06;
FIAT BRASIL;DUCATO 10 VIN 5198431 - 561615 1998 - 1999;0;0;-0,17;0,83;-3,13;-1;-0,17;0,17;-1,06;
FIAT BRASIL;DUCATO 10 VAN  1990 - 1994;1,5;2,5;0;1;0;2,13;-;-;-;
FIAT BRASIL;DUCATO 10 VAN  1990 - 1994;1,5;2,5;0;1;0;2,13;;;;
FIAT BRASIL;DUCATO 10 COMBI  1990 - 1994;1,5;2,5;0;1;1,06;3,19;-;-;-;
FIAT BRASIL;DUCATO 10 COMBI  1990 - 1994;1,5;2,5;0;1;1,06;3,19;-;-;-;
FIAT BRASIL;DUCATO 10 ABS > VIN 5257330 5262555 - 616153  1998 - 1999;-0,83;0,17;;;-3,13;-1;-0,17;0,17;-1,06;
FIAT BRASIL;DUCATO 10 ABS > VIN 5257329 1994 - 1998;0;0;-0,5;0,5;-3,13;-1;-0,17;0,17;-1,06;
FIAT BRASIL;DUCATO 10 ABS > VIN 5257329 1994 - 1998;0;0;-0,5;0,5;-3,13;-1;-0,17;0,17;-1,06;
FIAT BRASIL;DUCATO 10 4X4  1994 - 2002;0;0;1;;-3,13;-1;-0,17;0,17;-1,06;
FIAT BRASIL;DUCATO 10 4X4  1994 - 2002;0;0;1;;-3,13;-1;-0,17;0,17;-1,06;
FIAT BRASIL;DUCATO 10 2.5TD VIN 5200067- 616153  1998 - 1999;-;-;-0,17;0,83;-3,13;-1;-0,17;0,17;-1,06;
FIAT BRASIL;DUCATO 10 2.5TD VIN 5200067- 616153  1998 - 1999;-;-;-0,17;0,83;-3,13;-1;-0,17;0,17;-1,06;
FIAT BRASIL;DUCATO 10 2.5TD > VIN 5262554 1998 - 1999;0;0;-0,5;0,5;-3,13;-1;-0,17;0,17;-1,06;
FIAT BRASIL;DUCATO 10 2.5TD > VIN 5262554 1998 - 1999;0;0;-0,5;0,5;-3,13;-1;-0,17;0,17;-1,06;
FIAT BRASIL;DUCATO 10 >VIN 5616154  1999 - 2002;0;0;0;1;-3,13;-1;-0,17;0,17;-1,06;
FIAT BRASIL;DUCATO 10 >VIN 5616154  1999 - 2002;0;0;0;1;-3,13;-1;-0,17;0,17;-1,06;
FIAT BRASIL;DUCATO 10 >VIN 5198430 / 2.5TD > 5200066   1994 - 1998;0;0;-0,5;0,5;-3,13;-1;-0,17;0,17;-1,06;
FIAT BRASIL;DUCATO 10 >VIN 5198430 / 2.5TD > 5200066   1994 - 1998;0;0;-0,5;0,5;-3,13;-1;-0,17;0,17;-1,06;
FIAT BRASIL;DUCATO 10  1986 - 1988;1,83;2,83;-1;1;-1,56;0,56;-;-;-;
FIAT BRASIL;DUCATO 10  1986 - 1988;1,83;2,83;-1;1;-1,56;0,56;-;-;-;
FIAT BRASIL;DUCATO 10  1982 - 1986;1,83;2,83;0;1;1,06;3,19;-;-;-;
FIAT BRASIL;DUCATO 10  1982 - 1986;1,83;2,83;0;1;1,06;3,19;-;-;-;
FIAT BRASIL;DOBLO PAS  2001 em diante;-0,82;0,18;2,33;3,33;-1,88;0,25;-1;1;-1,06;
FIAT BRASIL;DOBLO CARGO PAS   2001 - 2004;-0,83;0,17;2,6;3,6;-2,13;0;-1;1;-1,06;
FIAT BRASIL;DOBLO CARGO ESSENCE 1.8 2012 a 2013;-0,34;0,26;2,27;3,27;-1,97;0;-0,3;0,3;-2;
FIAT BRASIL;DOBLO CARGO ATTRACTIVE 1.4 DIR.HIDR 2012 a 2013;-0,44;0,16;3,18;4,18;-1,97;0;-0,3;0,3;-2;
FIAT BRASIL;DOBLO CARGO 1.4 DIR.MEC. 2012 a 2013                             ;-0,44;0,16;1,1;2,1;-1,97;0;-0,3;0,3;-2;
FIAT BRASIL;DOBLO CARGO  2001 - 2004;-0,83;0,17;1,6;2,6;-2,13;0;-1;1;-1,06;
FIAT BRASIL;DOBLO ADVENTURE 2012 a 2013;-0,44;0,16;2,09;3,09;-1,99;0;-0,3;0,3;-1,99;
FIAT BRASIL;DOBLO  2001 em diante;-0,82;0,18;1,33;2,33;-1,88;0,25;-1;1;-1,06;
FIAT BRASIL;CROMA TD PAS  1986 - 1993;-0,66;0;2,5;3,16;-1,06;1,06;-0,66;0;2,06;
FIAT BRASIL;CROMA TD  1986 - 1993;-0,66;0;1;1,66;-1,06;1,06;-0,66;0;2,06;
FIAT BRASIL;CROMA PAS / D PAS   1986 - 1993;-0,66;0;2,5;3,16;-1,06;1,06;-0,66;0;2,06;
FIAT BRASIL;CROMA / D   1986 - 1993;-0,66;0;1;1,66;-1,06;1,06;-0,66;0;2,06;
FIAT BRASIL;CROMA  1993 - 1997;-0,66;0;2,5;3,16;-0,94;0,94;-0,3;0,3;0,81;
FIAT BRASIL;COUPE 2.0 20V / TURBO 20V  1996 em diante;-1,17;-0,17;3;4;-0,81;0,81;-1,5;-0,5;-1,31;
FIAT BRASIL;COUPE 2.0 16V / TURBO 16V  1994 em diante;-0,75;0,25;1,83;2,83;-0,81;0,81;-1,5;-0,5;-2,25;
FIAT BRASIL;COUPE 1.8 38916+  1996 - 2001;-1,17;-0,17;3,05;4,05;-0,81;0,81;-1,5;-0,5;-0,19;
FIAT BRASIL;COUPE 1.8 38915-  1994 - 1996;-1;0;2,5;3,5;-0,81;0,81;-1,5;-0,5;-2,25;
FIAT BRASIL;CINQUECENTO SPORTING EVEN VIN 1106529  1995 - 1998;-0,43;0,57;1,32;2,32;-1,06;1,06;-0,37;0,63;-4,19;
FIAT BRASIL;CINQUECENTO SPORTING AFTER VIN 1106530  1998 em diante;-0,43;0,57;1,32;2,32;-2,13;0;-0,37;0,63;-4,19;
FIAT BRASIL;CINQUECENTO EVEN VIN 1106529 1992 - 1998;0;1;1,33;2,33;-1,06;1,06;-0,17;0,83;-3,13;
FIAT BRASIL;CINQUECENTO AFTER VIN 1106530   1998  em diante;0;1;1,33;2,33;-2,13;0;-0,17;0,83;-3,13;
FIAT BRASIL;CAMPAGNOLA   1974 - 1986;0,33;2,33;2;4;1,06;5,19;1,4;4,4;3,13;
FIAT BRASIL;BRAVO SPORTING T JET 2013;-1,11;-0,11;3,25;4,25;-2,03;0;-1,46;-0,46;0,29;
FIAT BRASIL;BRAVO ESSENCE ABSOLUTE 2013;-0,52;0,08;3,08;4,08;-1,98;0;-1,05;-0,45;-41;
FIAT BRASIL;BRAVO 2.0 20V 4050320+  1996 em diante;-1,05;-0,05;3;4;-0,94;0,94;-1,27;-0,27;0;
FIAT BRASIL;BRAVO 2.0 20V 4050319-  1996 - 1996;-1,05;-0,05;3;4;-0,94;0,94;-1,5;-0,5;-2,38;
FIAT BRASIL;BRAVO 2.0 20V  1998 - 2001;-1,05;-0,05;2,33;3,33;-0,94;0,94;-1,27;-0,27;0;
FIAT BRASIL;BRAVO / BRAVA PAS 4050320+ 1996 em diante;-0,62;0,38;3;4;-0,94;0,94;-1,27;-0,27;0;
FIAT BRASIL;BRAVO / BRAVA PAS 4050319- 1995 - 1996;-0,62;0,38;3;4;-0,94;0,94;-1,5;-0,5;-2,38;
FIAT BRASIL;BRAVO / BRAVA 4050320+  1996 em diante;-0,62;0,38;2,33;3,33;-0,94;0,94;-1,27;-0,27;0;
FIAT BRASIL;BRAVO / BRAVA 4050319-  1995 - 1996;-0,62;0,38;2,33;3,33;-0,94;0,94;-1,5;-0,5;-2,38;
FIAT BRASIL;BARVA / BRAVO  1998 - 2002;-0,62;0,38;2,33;3,33;-1,06;1,06;-1,27;-0,27;0;
FIAT BRASIL;BARCHETTA   1995 em diante;-1,5;-0,5;3;4;-0,94;0,94;-1,17;-0,17;0,94;
FIAT BRASIL;BARCHETTA   1995 - 1998;-1,5;-0,5;3;4;-1,06;1,06;-1,17;-0,17;1,06;
FIAT BRASIL;BARCHETA  1998 em diante;-1,5;-0,5;2,5;3,5;-1,06;1,06;-1,17;-0,17;-11,25;
FIAT BRASIL;ARGENTA TD  1985 - 1986;0,67;1,67;5,08;6,08;2,06;4,19;-;-;-;
FIAT BRASIL;ARGENTA SX VOLUMEX  1985 - 1986;0,67;1,67;4,58;5,58;2,06;4,19;-;-;-;
FIAT BRASIL;ARGENTA D  1985 - 1986;0,92;1,92;5,5;6,5;2,06;4,19;-;-;-;
FIAT BRASIL;ARGENTA 2000/1600 PAS   1982 - 1985;-0,33;0,67;4,5;5,5;2,06;3,69;-;-;-;
FIAT BRASIL;ARGENTA 1600/1600 AC  1982 - 1985;-0,33;0,67;3,25;4,25;1,56;3,06;-;-;-;
FIAT BRASIL;ARGENTA 100/110/120 IE  1985 - 1986;0,67;1,67;3,83;4,83;2,06;4,19;-;-;-;
FIAT BRASIL;900 T  1977 - 1982;-0,83;0,17;6,5;7,5;12;15,63;2,67;3,67;-4,19;
FIAT BRASIL;900 E  1980 - 1987;-0,83;0,17;5;6;12;15,63;2,67;3,67;-4,13;
FIAT BRASIL;850  1964 - 1975;1,92;2,42;8;10;2,06;4,19;2,4;2,66;4,63;
FIAT BRASIL;500/500D/500R  1965 - 1974;0,67;1,33;8;10;0;2,13;-0,08;0,92;0;
FIAT BRASIL;500 CINQUECENTO 2012 a 2013;-0,57;0,03;1,51;2,52;-1,7;1,7;-1,22;-0,22;1,03;
FIAT BRASIL;242 E 15-18  1982 - 1987;0,32;1,82;-0,5;0,76;-2,06;1,06;;;;
FIAT BRASIL;242  1977 - 1982;0,33;1,83;-0,5;0,76;-1,06;1,56;-0,5;0,5;-1,06;
FIAT BRASIL;241  1968 - 1978;-0,33;0,67;1;2;4,69;7,81;;;;
FIAT BRASIL;238  1968 - 1982;0,5;1,5;-0,25;0,75;-1,06;3,19;;;;
FIAT BRASIL;132/132 D  1973 - 1982;-0,25;0,75;2,83;3,83;2,69;6,44;;;;
FIAT BRASIL;131 SUPERMIRAFIORI  1975 - 1984;-0,17;0,83;3,83;4,83;2,06;4,19;;;;
FIAT BRASIL;131 RACING / SPORT  1979 - 1984;0;1;4;5;2,06;4,19;;;;
FIAT BRASIL;131 MIRAFIORI  1975 - 1984;-0,08;0,92;3,92;4,92;2,06;4,19;;;-2,75;
FIAT BRASIL;131 2000 D/2500 D  1975 - 1984;-0,17;0,83;3,83;4,83;2,06;4,19;;;;
FIAT BRASIL;131 2.0 AUTOMATIC PAS  1975 - 1984;-0,33;0,67;3,58;4,58;2,06;4,19;;;;
FIAT BRASIL;128 SPORT COUPE/BERLINA  1972 - 1983;0,83;1,83;1,17;2,17;-1,5;2,63;-1,67;-0,67;-1,56;
FIAT BRASIL;128  1969 - 1983;1,17;2,17;1,17;2,17;-2,88;1,25;-0,67;0,33;1,06;
FIAT BRASIL;127 SPORT  1982 - 1984;0,92;1,92;1,33;2,33;-1,06;1,06;-1,5;-0,5;0;
FIAT BRASIL;127 SPORT  1978 - 1982;1,25;2,25;1,5;2,5;-5,75;-3,63;;;;
FIAT BRASIL;127 PANORAMA  1981 - 1987;1,17;2,17;1,75;2,75;-5,19;-1,56;-0,17;0,83;0,19;
FIAT BRASIL;127 PAMORAMA D  1981 - 1987;0,83;1,83;1,5;2,5;-3,63;0,5;-0,17;0,83;0,19;
FIAT BRASIL;127 D  1982 - 1984;1;2;2,5;3,5;-1,06;1,06;-1,5;-0,5;2;
FIAT BRASIL;127 900  1982 - 1984;1,08;2,08;1,33;2,33;-2,5;0;-1,5;-0,5;0;
FIAT BRASIL;127 1050  1982 - 1984;0,92;1,92;1,17;2,17;-0,94;0,94;-1,5;-0,5;0;
FIAT BRASIL;127  1971 - 1982;1,25;2,25;1,5;2,5;-9,38;-4,13;0;1;-2,06;
FIAT BRASIL;126 BIS  1987 - 1993;1,17;2,17;8;10;2;5,75;2,5;3,5;1,56;
FIAT BRASIL;126  1973 - 1988;1,17;2,17;8;10;-1;3,13;1,5;2,5;1,56;
FIAT BRASIL;124 SPORT COUPE  1973 - 1977;0;1;3;4;1,56;4,69;;;;
FIAT BRASIL;124 SPIDER/2000  1977 - 1986;0;1;3;4;2,06;4,19;;;;
FIAT BRASIL;124 SORT SPIDER  1973 - 1977;0;1;3;4;1,56;4,69;;;;
GM CHEVROLET BRASIL;A/C/D 10.20 / BONANZA / VERANEIO   1993 - 1994;-0,5;0;1,49;3,25;1,75;3,13;-;-;-;
GM CHEVROLET BRASIL;AGILE  LT / LTZA 2010 - ADIANT.;-1,08;0,21;1,45;3,15;-1,02;-0,06;-2,05;-0,35;-1,26;
GM CHEVROLET BRASIL;AGILE 2011 - 2013;-1,09;0,21;1,46;3,16;-0,96;0,13;-2,06;-0,36;-0,8;
GM CHEVROLET BRASIL;ASTRA 2010 - ADIANT. ;-1,55;-0,25;3;5;-0,32;0,71;-2,56;-1,1;-0,48;
GM CHEVROLET BRASIL;ASTRA 2011 - 2011;-1,55;-0,25;3;5;-0,58;0,58;-2,56;-1,1;-0,58;
GM CHEVROLET BRASIL;BLAZER;-1;0;3;4;1,37;2,74;;;;
GM CHEVROLET BRASIL;CAMARO 2011 - 2013;-1,33;-0,03;5,15;6,45;0;1,71;-1,03;0,27;0;
GM CHEVROLET BRASIL;CAPTIVA 2.4  2010 - ADIANT.;-1,09;0,21;1,57;3,27;0;1,45;-1,15;-0,15;0;
GM CHEVROLET BRASIL;CAPTIVA 2.4  ECOTEC 2011 - 2011;-1,33;-0,03;1,39;3,09;0;1,45;-1,12;0,18;0;
GM CHEVROLET BRASIL;CAPTIVA 2.4 ECOTEC 2012 - 2012 ;-1,33;-0,03;1,45;3,15;0;1,45;-1,12;0,18;0;
GM CHEVROLET BRASIL;CAPTIVA 3.0 AWD 2011 - 2011 ;-1,21;0,09;1,57;3,27;0;1,45;-1,12;0,18;0;
GM CHEVROLET BRASIL;CAPTIVA 3.0 AWD 2012 - 2012;-1,21;0,09;2;3,3;0;1,45;-1,12;0,18;0;
GM CHEVROLET BRASIL;CAPTIVA 3.0 FWD  2011 - 2011;-1,27;0,03;1,39;3,09;0;1,45;-1,12;0,18;0;
GM CHEVROLET BRASIL;CAPTIVA 3.0 FWD  2012 - 2012;-1,27;0,03;1,38;3,08;0;1,45;-1,12;0,18;0;
GM CHEVROLET BRASIL;CAPTIVA 3.6 2010 - ADIANT.;-1,3;0;1,39;3,09;0;1,45;-1,15;-0,15;0;
GM CHEVROLET BRASIL;CELTA 2010 - ADIANT. ;-1,1;0,2;0,5;2,5;-1,44;-0,48;-2;-1;-0,24;
GM CHEVROLET BRASIL;CELTA 2011 - 2011;-1,1;0,2;0,5;2,5;-0,94;0;-2;1;-0,28;
GM CHEVROLET BRASIL;CELTA 2012 - 2013;-1,1;0,2;0,5;2,5;-1,39;0;-2;-1;-0,22;
GM CHEVROLET BRASIL;CLASSIC 2011 - 2013 ;-0,02;1,28;1,04;3,04;-2,22;-1,22;-1,54;-0,54;-0,83;
GM CHEVROLET BRASIL;COBALT 2012 - 2012 ;-1,27;0,03;3,33;5,03;-0,54;0,74;-1,5;-0,5;-0,64;
GM CHEVROLET BRASIL;COBALT 2013  - 2013 ;-1,27;0,03;3,33;5,03;-0,64;1,92;-1,3;-0,3;-0,26;
GM CHEVROLET BRASIL;CORSA 2011 - 2012;-1,55;-0,25;0,35;2,35;-1,02;0;-2;-1;0,51;
GM CHEVROLET BRASIL;CRUIZE ESPORT6 2012 - 2012;-1,03;0,27;4,03;5,33;-1,09;0,36;-1,54;-0,54;-1,63;
GM CHEVROLET BRASIL;CRUZE 2012 - 2012 ;-1,03;0,27;4,03;5,33;-1,09;0,36;-1,54;-0,54;-1,63;
GM CHEVROLET BRASIL;CRUZE 2013 - 2013 ;-0,51;0,39;3,57;5,27;-0,44;1,02;1,54;-0,54;-0,91;
GM CHEVROLET BRASIL;MALIBU  2011 - 2012;-1,3;0;1,54;3,24;0;1,54;-1,24;-0,12;0;
GM CHEVROLET BRASIL;MALIBU  2011 - ADIANT.;-1,21;0,09;1,54;3,24;0;1,37;-1,24;-0,12;0;
GM CHEVROLET BRASIL;MERIVA 2011 - 2012;-1,33;-0,03;1,54;3,54;-0,06;0,96;-2,04;-1,08;-1,26;
GM CHEVROLET BRASIL;MONTANA 2011 - 2011 ;-1,36;-0,04;0,37;2,07;0;1,28;-2,12;-1;0,26;
GM CHEVROLET BRASIL;MONTANA 2012 - 2013 ;-1,36;-0,04;0,37;2,07;0;1,28;-2,12;-1;0;
GM CHEVROLET BRASIL;OMEGA  1998 - 1998;-0,4;0;6,5;9;0,5;1;-2,1;-1,14;0;
GM CHEVROLET BRASIL;OMEGA  1999  em diante;-0,4;0;6,5;9;0;1,88;-2,75;-1,15;-2,19;
GM CHEVROLET BRASIL;OMEGA / SUPREMA 2.0/2.2  Todos;-1,91;-0,41;4,5;6,5;0,5;2,5;-2,34;-1;0,44;
GM CHEVROLET BRASIL;OMEGA / SUPREMA 4.1  Atè - 1996;-2,25;-0,75;4,5;6,5;0,5;2,38;-2,66;-1,34;0,94;
GM CHEVROLET BRASIL;OMEGA 2011 - 2011;-0,09;0,31;4,45;7,15;0;0,58;-0,37;0,17;0;
GM CHEVROLET BRASIL;OMEGA AUSTRALIANO  00 - 07;-0,5;0,1;6,5;9;0;2,13;-1,85;-1,31;-2,44;
GM CHEVROLET BRASIL;OMEGA AUSTRALIANO  04 - 06;-0,7;0,3;6,5;9;0;2,13;-1,22;0,06;-0,13;
GM CHEVROLET BRASIL;OMEGA AUSTRALIANO  2007 em diante;-0,15;0,51;4,75;7,25;0;2,13;-0,16;-0,16;0,81;
GM CHEVROLET BRASIL;OMEGA AUSTRALIANO  2008 em diante;-0,15;0,51;4,75;7,25;0;2,13;-0,61;0,29;-0,81;
GM CHEVROLET BRASIL;ONIX DIR. HIDR.;-1,06;0,35;1,12;4,42;1,24;1,86;-1,01;0,3;2,48;
GM CHEVROLET BRASIL;ONIX DIR. MEC.;-1,06;0,35;0,35;3,06;1,24;1,86;-1,01;0,3;2,48;
GM CHEVROLET BRASIL;OPALA / CARAVAN  1980 em diante;0,75;1,25;2;2,5;0,31;1,56;-;-;-;
GM CHEVROLET BRASIL;OPALA / CARAVAN  Atè - 1979;0,5;1;3;3,5;0,31;1,56;-;-;-;
GM CHEVROLET BRASIL;OPALA / CARAVAN DIR.HIDRA. 1980 em diante;0,75;1,25;3;3,5;0,31;1,56;-;-;-;
GM CHEVROLET BRASIL;PRISMA  2007 em diante;-0,92;0,08;0,83;2,83;-3;-1;-2,5;-0,5;-0,56;
GM CHEVROLET BRASIL;PRISMA 2010 ;-1,1;0,2;0,5;2,5;-1,44;-0,48;-2;-1;-0,24;
GM CHEVROLET BRASIL;PRISMA 2011 - 2012;-1,1;0,2;0,5;2,5;-1,5;0;-2;-1;-0,24;
GM CHEVROLET BRASIL;PRISMA DIR HIDRA. 2013 a 2015;-1,06;0,2;1,12;4,42;1,24;1,84;-1;0,3;2,48;
GM CHEVROLET BRASIL;PRISMA DIR MEC. 2013 a 2015;-1,06;0,2;0,35;3,06;1,24;1,84;-1;0,3;2,48;
GM CHEVROLET BRASIL;S10 2011 - 2011;-1,1;0;3;4;1,28;2,56;;;;
GM CHEVROLET BRASIL;S10 2013 - 2013 ;-0,3;0,3;2,35;4,05;-6,84;6,84;;;;
GM CHEVROLET BRASIL;S-10/BLAZER  2003 - 2003;-0,5;0;3;3,5;1,88;3,75;-;-;-;
GM CHEVROLET BRASIL;S-10/BLAZER  2004 em diante;-1;0;3;4;1,56;2,19;0;0;0;
GM CHEVROLET BRASIL;S-10/BLAZER  2005 - 2006;-0,5;0,5;3;4;2,5;5;-;-;-;
GM CHEVROLET BRASIL;S-10/BLAZER  2007 em diante;-1;0;3;4;2,5;5;-;-;-;
GM CHEVROLET BRASIL;S-10/BLAZER  Atè  - 2002;-0,5;0,5;2,5;3,5;1,25;2,5;-;-;-;
GM CHEVROLET BRASIL;SILVERADO 4.2L (TURBO)  MWM todos;-1;0;2,5;3,5;1,25;2,5;-;-;-;
GM CHEVROLET BRASIL;SILVERADO/GRAN BLAZER BC=100   Todos;-1,24;0,24;1,21;3,21;3,56;6,19;-;-;-;
GM CHEVROLET BRASIL;SILVERADO/GRAN BLAZER BC=110   Todos;-1,24;0,24;0,79;2,79;3,56;6,19;-;-;-;
GM CHEVROLET BRASIL;SILVERADO/GRAN BLAZER BC=80 todos;-1,24;0,24;2,11;4,11;3,56;6,19;-;-;-;
GM CHEVROLET BRASIL;SILVERADO/GRAN BLAZER BC=90 todos;-1,24;0,24;1,66;3,66;3,56;6,19;-;-;-;
GM CHEVROLET BRASIL;SONIC 2012 - 2013 ;-1,27;0,03;3,36;5,06;-0,26;1,03;-1,3;-0,3;-0,42;
GM CHEVROLET BRASIL;SPIN 2013 - 2013 ;-1,22;0,08;3,31;5,01;-0,64;1,92;-1,3;-0,3;-0,64;
GM CHEVROLET BRASIL;TIGRA  2000 em diante;-1,58;0,08;0,91;2,91;-2,13;0;-2;-1;0,5;
GM CHEVROLET BRASIL;TRACKER   Todos;-1;1;1,66;3,66;-1,75;1,75;-;-;-;
GM CHEVROLET BRASIL;TRACKER 2014;-0,36;0,3;0,3;4,3;1,06;1,2;-1;0,3;1,6;
GM CHEVROLET BRASIL;TRAIBLAZER 2013 - 2014;-0,3;0,3;2,35;4,05;-1,98;1,98;;;;
GM CHEVROLET BRASIL;VECTRA  1997 - 2004;-1,83;-0,33;2,66;4,66;0;2,13;-1,83;-0,45;1,25;
GM CHEVROLET BRASIL;VECTRA  2005 em diante;-1,83;-0,33;2,67;4,67;0;2,13;-2,2;-1,02;1,88;
GM CHEVROLET BRASIL;VECTRA  Atè - 1996;-1,83;-0,33;2,83;4,83;0;2,38;-1,92;-0,74;1,75;
GM CHEVROLET BRASIL;VECTRA 2011 - 2011;-1,36;-0,06;3;5;0,1;2,29;-2,56;-1,1;0,62;
GM CHEVROLET BRASIL;VECTRA GT/SEDAN  2007 em diante;-1,35;-0,35;3,5;4,5;0;2,13;-1,94;-1,34;0,56;
GM CHEVROLET BRASIL;VECTRA NOVO ELEGANCE / ELITE  2006 - 2008;-1,35;-0,35;3,5;4,5;0;2,13;-1,94;-1,34;0,56;
GM CHEVROLET BRASIL;VERANEIO   Todos;0,5;1,5;-1;0;0,31;1,56;-;-;-;
GM CHEVROLET BRASIL;ZAFIRA  2007 em diante;-0,45;0,55;2,6;3,7;-0,5;1,38;-2,23;-1,23;-1,63;
GM CHEVROLET BRASIL;ZAFIRA  Atè - 2006;-1,08;0,42;2,17;4,17;-0,88;0,88;-2,25;-1,25;-1,06;
HONDA;90 - 94 CONCERTO;-0,75;0,25;1;2;-2,25;2,25;-1;0;0,75;
HONDA;92 - 94 CRX DOHC;-1,25;0,75;0,25;2,25;-2;2;-1,5;0,5;1;
HONDA;92 - 96 CIVIC CRX 1.6 i;-1,25;0,75;0,25;2,25;-0,25;0,25;-1,5;0,5;0;
HONDA;95 - 96 CIVIC 5 DR SR;-1;1;0,25;2,25;-0,25;0,25;-1,75;0,25;0,25;
HONDA;ACCORD  1977 - 1978;0,42;0,92;1,33;2,33;-1,5;-0,63;0,06;0,56;-0,5;
HONDA;ACCORD  1979 - 1983;0,42;0,92;0,83;1,83;-1,56;-0,56;-0,08;0,42;0;
HONDA;ACCORD  1984 - 1985;-1;1;0,92;1,92;-3,13;3,13;-0,25;0,25;-3,13;
HONDA;ACCORD  1990 - 1993;-1;1;2;4;-1,88;1,88;-1,5;0,5;0;
HONDA;ACCORD  2003 em dainte;-0,75;0,75;2,45;3,95;-1,88;1,88;-1,5;-0,5;0;
HONDA;ACCORD  2007 em diante;-0,75;0,75;2,45;3,95;-1,88;1,88;-1,5;-0,5;0;
HONDA;ACCORD (EUROPE)  2006 em diante;-0,75;0,75;2,45;3,95;-1,88;1,88;-1,5;-0,5;0;
HONDA;ACCORD 1.6/1.8/2.0  1998 em diante;-1;1;1,83;3,83;-1,88;1,88;-1,5;-0,5;0;
HONDA;ACCORD 1.6/1.8/2.0/2.3  1998 - 2003;-1;1;1,83;3,83;-1,88;1,88;-1,5;-0,5;0;
HONDA;ACCORD 2.2  1998 - 2003;-1,25;0,75;2;4;-1,69;1,69;-1,75;-0,75;0;
HONDA;ACCORD 2.2  1998 em diante;-1,25;0,75;2;4;-1,63;1,63;-1,75;-0,75;0;
HONDA;ACCORD 4WS  1990 - 1993;-1;1;2;4;-1,88;1,88;-1,33;0,67;1,06;
HONDA;ACCORD COUPE  1998 em diante;-1;1;1,75;3,75;-1,88;1,88;-1;0;0;
HONDA;ACCORD COUPE / AERODECK 1992 - 1993;-1;1;2;4;-1,56;1,56;-1,5;0,5;0;
HONDA;ACCORD COUPE/SEDAN/WAGON 1993 - 1993;-1;1;2;4;-3;3;-1;0;0;
HONDA;ACCORD COUPE/SEDAN/WAGON 1994 - 1994;-1;1;2;4;-3;3;-0,91;0,09;0;
HONDA;ACCORD COUPE/SEDAN/WAGON 1995 - 1997;-1;1;2;4;-3;3;-0,91;0,09;0;
HONDA;ACCORD EX/AERODECK  1985 - 1990;-1;1;-0,5;1,5;-3,13;3,13;-1;1;-2,06;
HONDA;ACCORD EXI  1985 - 1990;-1;1;-0,48;1,52;-3,13;3,13;-1;1;-2,06;
HONDA;ACCORD JHM/IHG  1993 - 1998;-1;1;2;4;-3,13;3,13;-0,92;0,08;0;
HONDA;ACCORD SEDAN  1998 - 2002;-1;1;1,75;3,75;-2;2;-1;0;0;
HONDA;ACCORD SEDAN  2003 - 2007;-0,17;0,17;2,58;2,92;-1,75;1,75;-1;0;0;
HONDA;ACCORD SEDAN / WAGON  1992 - 1992;-1;1;2;4;-3;3;0;1;0;
HONDA;ACCORD SHH  1993 - 1998;-1;1;2;4;-2,63;2,63;-1,5;0,5;0;
HONDA;ACCORD STATION WAGON;-1;1;2;4;-3;3;-1;0;2;
HONDA;ACTY  1978 - 1988;1,5;1,5;3,13;3,13;6,25;6,25;0;0;0;
HONDA;ATOZ/ATOS/AMICA  1998 - 2004;0,03;1,03;2,23;3,23;-0,5;3,25;-0,5;0,5;-1,69;
HONDA;BALLADE  1987 -1989;-1,17;0,83;1,83;3,83;-3,13;3,13;-1;-0,5;0;
HONDA;CITY DX / LX  2012 - 2012;-0,53;1,07;2,13;4,13;-3,01;3,01;-2;0;0;
HONDA;CITY EX / EXL 2012 - 2012;-0,53;1,07;2,13;4,13;-3,01;3,01;-2;0;0;
HONDA;CIVIC;0,14;0,54;4,57;5,37;-0,21;0,21;-0,57;-0,17;1,78;
HONDA;CIVIC  1976 - 1980;0,5;0,5;1,33;1,33;-1,06;-1,06;0,5;0,5;0;
HONDA;CIVIC  1992 - 1995;-1;1;0,17;2,17;-2,06;2,06;-1,42;0,58;0,56;
HONDA;CIVIC (5DR)  2006 em diante;-0,75;0,75;0,55;2,55;-2,81;2,81;-1,5;0;0,94;
HONDA;CIVIC / AERODECK SEDAN 1.8 1997 em diante;-1,12;0,88;0,17;2,17;-2,06;2,06;-1,58;-0,08;0,31;
HONDA;CIVIC / HATCBACK VTI;-1;1;0,25;2,25;0;2;0,5;-1,5;1;
HONDA;CIVIC 1.2/1.3/1.4/1.5/1.6  1988 - 1991;-1;1;2;4;-3,13;3,13;-1,5;0,5;0;
HONDA;CIVIC 1.6 DOHC  1992 - 1995;-1,17;0,83;0,17;2,17;-1,5;1,5;-1,42;0,58;0,56;
HONDA;CIVIC 1.6 I  1988 - 1991;-1;1;2;4;-2,63;2,63;-1,5;0,5;0;
HONDA;CIVIC 2 dr . 4dr / HATCHBACK VIT;-1;1;0,25;2,25;0;2;-1,5;0,5;1;
HONDA;CIVIC 2dr . 4dr / HATCHBACK;-1;1;0,25;2,25;0;2;-1,25;0,75;1;
HONDA;CIVIC 3/4 DR SOHC/DOCH  1996 em diante;-1;1;0,67;2,67;-1;3,13;-2;0;2,06;
HONDA;CIVIC 3DR (EUROPA)  2006 em diante;-0,75;0,75;0,55;2,55;-2,81;2,81;-1,5;0;1,88;
HONDA;CIVIC 4DR  2007 em diante;-0,5;0,5;6;8;-1,88;1,88;-1,5;-1,5;1,88;
HONDA;CIVIC 4DR (EUROPA)  2006 em diante;-0,75;0,75;0,55;2,55;-2,81;2,81;-1,5;0;1,88;
HONDA;CIVIC 4WD  1992 - 1995;-0,83;1,17;0,08;2,08;-1,56;1,56;-1,42;0,58;0,5;
HONDA;CIVIC 4WD ABS   1992 - 1995;-0,83;1,17;0,08;2,08;-1,56;1,56;-1,42;0,58;-2,06;
HONDA;CIVIC 5DR  2007 em diante;-0,5;0,5;3,73;4,73;-1,69;1,69;-1,5;-0,5;1,75;
HONDA;CIVIC 5DR DOHC  1995 em diante;-1;1;0,17;2,17;-2,06;2,06;-1,58;-0,08;0,31;
HONDA;CIVIC 5DR SOHC  1995 em diante;-1,12;0,88;0,17;2,17;-2,06;2,06;-1,58;-0,08;0,31;
HONDA;CIVIC AERODECK SEDAN 1.4/1.5/1.6/2.0TD  1997 - 2000;-1;1;0,17;2,17;-2,06;2,06;-1,58;-0,08;0,31;
HONDA;CIVIC COUPE  1994 - 1994;-1;1;0,17;2,17;-2;2;-1,33;0,67;1;
HONDA;CIVIC COUPE  1996 - 1997;-0,5;1;0,66;2,66;-1;3;-1,83;0,17;1;
HONDA;CIVIC COUPE  1996 em diante;-0,75;0,75;1,67;-;-1,94;4,06;-1,75;-0,25;2;
HONDA;CIVIC COUPE  2001 - 2005;-0,75;0,75;0,55;2,55;-2,81;2,81;-1,5;0;1,88;
HONDA;CIVIC COUPE  2001 em diante;-0,75;0,75;0,55;2,55;-2,81;2,81;-1,5;0;1,88;
HONDA;CIVIC COUPE (EUROPA)  2006 em diante;-0,75;0,75;0,55;2,55;-2,81;2,81;-1,5;0;1,88;
HONDA;CIVIC COUPE / CRX   1984 - 1988;-1;1;1,42;3,42;-3,13;3,13;-1;-0,5;0;
HONDA;CIVIC COUPE / CRX   1988 - 1991;-1;1;2;4;-2,63;2,63;-1,5;0,5;0;
HONDA;CIVIC COUPE / HATCH/SEDAN 1995 - 1995;-1;1;0,17;2,17;-2;2;-1,33;0,67;1;
HONDA;CIVIC CRX  1992 - 1996;-1,33;0,67;0,17;2,17;-2;2;-1,5;0,5;1;
HONDA;CIVIC DELSOL CRX;0,75;1,5;0,25;2,25;0;2;0,5;-1,5;1;
HONDA;CIVIC HATCHBACK  1992 - 1993;-1;1;0,17;2,17;-2;2;-1,42;0,58;1;
HONDA;CIVIC HATCHBACK  1994 - 1994;-1,08;0,92;0,17;2,17;-2;2;-1,41;0,59;1;
HONDA;CIVIC II  1980 - 1983;-0,25;0,25;1,25;2,25;-1,06;1,06;-0,25;0,25;-1,06;
HONDA;CIVIC S  1982 - 1983;-1;1;1,05;3,05;-3,13;3,13;-1,25;0,75;0;
HONDA;CIVIC SEDAN  1992 - 1993;-1;1;0,17;2,17;-2;2;-1,33;0,67;1;
HONDA;CIVIC SEDAN  1994 - 1994;-1;1;0,17;2,17;-2;2;-1,33;0,67;1;
HONDA;CIVIC SEDAN  1996 - 1997;-0,75;1,25;0,66;2,66;-1;3;-1,83;0,17;1;
HONDA;CIVIC SEDAN  1998 - 2000;-0,75;1,25;0,66;2,66;-1;3;-1,83;0,17;1;
HONDA;CIVIC SEDAN  2001 - 2002;-0,25;1,25;0,58;2,58;-2,81;2,81;-1,33;0,17;-0,94;
HONDA;CIVIC SEDAN  2003 - 2005;-0,25;1,25;1,38;3,38;-2,81;2,81;-1,33;0,17;-0,94;
HONDA;CIVIC SEDAN  2006 - 2009;-0,2;0,4;5,43;7,43;-1;1;-1,49;0,01;1;
HONDA;CIVIC SEDAN (EUROPA)  2001 em diante;-0,75;0,75;0,55;2,55;-2,81;2,81;-1,5;0;1,88;
HONDA;CIVIC SHUTTLE  1984 - 1988;-0,57;1,43;0,82;2,82;-3,13;3,13;-1;-0,5;0;
HONDA;CIVIC SHUTTLE  1988 - 1991;-0,68;1,32;1,96;3,96;-3,13;3,13;-1,38;0,62;0;
HONDA;CIVIC SHUTTLE 4WD  1988 - 1991;-0,42;1,58;1,93;3,93;-3,13;3,13;-1;1;0;
HONDA;CIVIC TYPE R  2001 em diante;-0,75;0,75;0,55;2,55;-2,5;2,5;-1,5;0;1,69;
HONDA;CIVIC TYPE R (EUROPA)   2006 em diante;-0,75;0,75;0,55;2,55;-2,5;2,5;-1,5;0;1,69;
HONDA;CIVIC VTI  1998 - 1998;-0,75;1,25;0,66;2,66;-1;3;-1,83;0,17;1;
HONDA;CIVIC WAGON  2001 em diante;-0,75;0,75;0,55;2,55;-2,81;2,81;-1,5;0;1,88;
HONDA;CIVIC/CIVIC S  1984 - 1988;-1;1;-1;1;-3,13;3,13;-1;-0,5;0;
HONDA;CIVIC/CRX V-TEC  1990 - 1991;-1;1;2;4;-1,88;1,88;-1,5;0,5;1,88;
HONDA;CONCERTO  1990 - 1996;-0,83;0,17;1,13;2,13;-1,56;0,56;-0,93;0,07;0,63;
HONDA;CR-V  2000 - 2001;-1;1;1,16;3,16;-2,81;2,81;-2;0;0,94;
HONDA;CR-V  2002 - 2006;-0,75;0,75;0,75;2,75;-1,88;1,88;-1,75;-0,25;0;
HONDA;CR-V  2006 em diante;-1;1;1,17;3,17;-2,81;2,81;-2;0;1,88;
HONDA;CR-V  2007 - 2008;-0,75;0,75;0,75;2,75;-1,88;1,88;-1,75;-0,25;1,88;
HONDA;CR-V (EUROPA)  1997 - 2002;-1;1;1,17;3,17;-2,81;2,81;-2;0;1,88;
HONDA;CR-V (EUROPA)  2002 em diante;-0,75;0,75;0,75;2,75;-1,88;1,88;-1,75;-0,25;1,88;
HONDA;CR-V 2012 - 2012;-1;1;2,14;3,14;-2;2;-1,45;-0,15;0;
HONDA;CRX  1991 - 1996;-1,33;0,67;0,17;2,17;-1,88;1,88;-2;0;1,88;
HONDA;FIT   2003 em diante;-1;1;1,08;3,08;-3;3;-1,5;0,5;0;
HONDA;FIT DX / LX / LXL 2012 - 2012;-0,53;1,07;2,13;4,13;-3,01;3,01;-2;0;0;
HONDA;FIT EX / EXL 2012 -2012 ;-0,53;1,07;2,13;4,13;-3,01;3,01;-2;0;0;
HONDA;FR-V  2007 em diante;-0,75;0,75;2,75;4,75;-2,69;2,69;-1,75;-0,25;0,94;
HONDA;GETZ  2007 em diante;-0,5;0,5;1,17;2,17;-1,06;1,06;-1,5;-0,5;0;
HONDA;GETZ PAS  2007 em diante;-0,5;0,5;1,8;2,8;-1,06;1,06;-1,5;-0,5;0;
HONDA;HR-V  2006 em diante;-1;1;1,25;3,25;-2,81;2,81;-1,5;0,5;-0,94;
HONDA;HR-V 5DR  2000 em diante;-1,25;0,75;1,25;3,25;-2,81;2,81;-1,5;0,5;-0,94;
HONDA;HR-V COUPE  1999 em diante;-1;1;1,25;3,25;-2,81;2,81;-1,5;0,5;-0,94;
HONDA;INSIGHT  2000 em diante;-1;1;1;3;-0,94;0,94;-2;0;0;
HONDA;INTEGRA 1500  1986 - 1990;-1,5;0,5;1,2;3,2;-4,19;2,06;-1;-0,5;0;
HONDA;INTEGRA 1600  1986 - 1990;-1,5;0,5;1,17;3,17;-4,19;2,06;-1;-0,5;0;
HONDA;INYEGRA TYPE R  1998 - 2001;-1,5;0,5;0,17;2,17;-1,88;1,88;-2;0,5;1,88;
HONDA;JAZZ   1984 - 1986;-1;1;1,48;3,48;-3,13;3,13;-0,25;0,25;-3,13;
HONDA;JAZZ   2001 em diante;-1;1;1,17;3,17;-3;3;-2;0;0;
HONDA;JAZZ   2001 em diante;-1;1;1,17;3,17;-2,81;2,81;-2;0;0;
HONDA;JAZZ   2006 em diante;-1;1;1,17;3,17;-3;3;-2;0;0;
HONDA;JAZZ 2007 em diante;-1;1;1,17;3,17;-2,81;2,81;-2;0;0;
HONDA;LEGEND  1987 - 1991;-1;1;0,67;2,67;-2,63;2,63;-1;1;0;
HONDA;LEGEND 3.5 I  1996 - 2004;-1;1;1,75;3,75;-1,75;1,75;-1,5;0,5;0;
HONDA;LEGEND COUPE  1987 - 1991;-1;1;0,67;2,67;-2,63;2,63;-1;1;-1,56;
HONDA;LEGEND COUPE / SEDAN  1992 - 1994;-1;1;2,75;4,75;-0,94;2,81;-1,33;0,67;0;
HONDA;LEGEND SEDAN  1995 - 1996;-1;1;1,83;3,83;-1,88;1,88;-1,5;0,5;0;
HONDA;LEGEND SEDAN  1997 - 1998;-1;1;1,83;3,83;-1,88;1,88;-1,5;0,5;0;
HONDA;LOGO   1999 em diante;-1;1;1;3;-3,13;3,13;-1,5;0,5;2,06;
HONDA;NSX  1990 - 1996;-0,5;-0,16;7,25;8,75;-3,69;-1,56;-2;-1;2,69;
HONDA;ODYSSEY  1995 - 1997;-1;1;2;4;-2;2;-1;0;-2;
HONDA;ODYSSEY  1995 em diante;-1;1;2;4;-1,06;1,06;-1;0;0;
HONDA;PASSPORT  1994 - 1995;-0,5;1,5;1,58;3,08;0;1,88;-;-;-;
HONDA;PASSPORT  1996 - 1997;-0,5;0,5;2;3,5;0;1,88;-;-;-;
HONDA;PASSPORT  1998 - 2001;-0,5;0,5;1,75;3,25;0;1,88;-1;1;-2,5;
HONDA;PRELUDE  1979 - 1983;-1;1;0,5;2,5;-3,13;3,13;0;0;1;
HONDA;PRELUDE  1983 - 1987;-0,5;0,5;-0,5;0,5;-3,13;3,13;-0,5;0,5;1;
HONDA;PRELUDE  1987 - 1992;-1;1;1,83;2,83;-2,06;2,06;-1,33;0,67;0;
HONDA;PRELUDE  1992 - 1996;-1;1;1,67;3,67;-1,56;1,56;-;-;0;
HONDA;PRELUDE  1997 em diante;-1;1;1,67;3,67;-2;2;-;-;0;
HONDA;PRELUDE 4WS  1987 - 1992;-1;1;1,83;2,83;-2,13;2,13;-0,83;0,17;0;
HONDA;PRELUDE 4WS  1992 - 1996;-1;1;1,66;3,66;-2;2;-1,25;-0,25;0;
HONDA;PRELUDE 4WS  1997 em diante;-1;1;1,67;3,67;-1,75;1,75;;;0;
HONDA;PRELUDE TCS  1998 - 2001;-1;1;3,58;5,08;-1,75;1,75;-1,75;0,25;0;
HONDA;S 2000  1999 - 2004;-0,67;-0,33;5,75;6,25;-1,69;1,69;-1,67;-1,33;3,5;
HONDA;S 2000  2000 em diante;-0,67;-0,33;5,75;6,25;-1,06;1,06;-1,67;-1,33;1,94;
HONDA;SHUTTLE  2001 em diante;-1;1;2;4;-3,13;3,13;-1;0;0;
HONDA;STREAM  2001 - 2006;-1;1;0,37;2,37;-2,06;2,06;-2;0;2,06;
HONDA;STREAN  2001 em diante;-0,75;0,75;0,37;2,37;-1,75;1,75;-1,75;-0,25;1,19;
FORD BRASIL;BELINA  1981 - 1991;-0,5;0,5;1,75;2,25;-3,13;0;;;;
FORD BRASIL;COURIER DIR.HIDR 2011 a 2012;-1,02;0,21;-0,11;2,07;-1,53;-0,51;0,5;1,1;1,5;2,51
FORD BRASIL;COURIER DIR.MEC 2011 a 2012;-1,02;0,22;-0,26;1,34;-1,53;0,51;0,5;1,1;1,5;2,51
FORD BRASIL;ECOSPORT  4WD 2011 -2011;-1,07;0,23;2,32;4,02;0,1;1,19;-0,49;0,41;0,32;1,6
FORD BRASIL;ECOSPORT 2011 - 2011;-1,09;0,21;2,27;3,57;-1,6;-0,51;-1,34;-0,04;0,16;1,76
FORD BRASIL;ECOSPORTE 2014 - 2015;-0,3;0,46;0,35;5,49;-0,56;0,31;-1,24;0,3;0,61;0,82
FORD BRASIL;EDGE 2011 - 2012 ;-0,47;0,43;3,33;5,03;-0,38;1,15;-1,12;0,18;-0,58;0,96
FORD BRASIL;EDGE 2011 - ADIANT.;-1,17;0,13;3,45;5,15;-0,32;0,96;-1,12;0,18;-0,48;0,8
FORD BRASIL;F1000  1998 em diante;0,75;1,25;3,25;4,25;0;1,88;-;-;-;-
FORD BRASIL;F1000 4X2  1993 - 1997;-0,17;0,83;2,5;4;0;1,75;-;-;-;-
FORD BRASIL;F1000 4X4  1993 - 1997;-0,25;0,75;1;3;0;1,75;-;-;-;-
FORD BRASIL;F150 4X2  Todos;-0,25;0,75;2;6;-1,19;1,94;-;-;-;-
FORD BRASIL;F150 4X2 LIGHTNING  Todos;-0,5;0,5;2;6;-1,19;1,94;-;-;-;-
FORD BRASIL;F150 4X4  Até - 2006;-0,25;0,75;2;6;-1,19;1,94;-;-;-;-
FORD BRASIL;F250 4X2  2007 em diante;-0,38;1,62;3;7;0;0,75;-;-;-;-
FORD BRASIL;F250 4X2  Até - 2006;-1;0,4;5;7;-1,25;1,88;-;-;-;-
FORD BRASIL;F250 4X4  2007 em diante;0,15;0,35;1,5;5,5;0,94;4,06;-;-;-;-
FORD BRASIL;F250 4X4  Todos;0;1;2;6;-1,19;1,94;-;-;-;-
FORD BRASIL;F350  1998 - 2008;-0,38;1,62;3;7;0;2,13;-;-;-;-
FORD BRASIL;F4000  Todos;-0,75;1,25;1,5;5,5;0;2,13;-;-;-;-
FORD BRASIL;FIESTA / FIESTA SEDAN DIR.HIDRAULICA   2003 em diante;-1,67;0,33;2,16;4,16;0;1;-1,93;0,07;-0,5;3,25
FORD BRASIL;FIESTA / FIESTA SEDAN DIR.MEC 2003 em diante;-1,75;0,25;1,5;3,5;0;1;-1,93;0,07;-0,5;3,25
FORD BRASIL;FIESTA DIR. HIDRAULICA   2007 em diante;-1,34;0;2,41;3,91;0,06;2,06;-1,43;-0,43;1,5;4
FORD BRASIL;FIESTA DIR. HIDRAULICA TODOS MODELOS  2007 em diante;-1,34;0;2,41;3,91;0,06;2,06;-1,43;-0,43;1,5;4
FORD BRASIL;FIESTA DIR. MECANICA  2007 em diante;-1,42;-0,08;1,75;3,25;0,06;2,06;-1,43;-0,43;1,5;4
FORD BRASIL;FIESTA DIR.MECANICA TODOS;-;-;-;-;-;-;-;-;-;-
FORD BRASIL;FIESTA ROCAM DIR. HIDR. 2011 - 2012 ;-1,2;0;2,25;3,55;0,03;0,99;-1,26;-0,26;0,72;1,91
FORD BRASIL;FIESTA ROCAM DIR.MEC. 2011 - 2012 ;-1,25;-0,05;1,45;3,15;0,03;0,99;-1,26;-0,26;0,72;1,91
FORD BRASIL;FIESTA STREET D.H.  2003 em diante;-1,72;0,48;0,98;3,48;-1,06;1,06;-1,1;-0,9;2,5;5
FORD BRASIL;FIESTA STREET D.M.  2003 em diante;-1,76;0,44;0,09;2,59;-1,06;1,06;-1,1;-0,9;2,5;5
FORD BRASIL;FIESTA STREET SEDAN D.H.  2003 em diante;-1,72;0,48;0,98;3,48;-1,06;1,06;-1,1;-0,9;2,5;5
FORD BRASIL;FIESTA STREET SEDAN D.M.  2003 em diante;-1,76;0,44;0,09;2,59;-1,06;1,06;-1,1;-0,9;2,5;5
FORD BRASIL;FIESTA/SEDAN DIR.HIDRAULICA até 2002;-2,02;0,78;0,98;3,48;-1,06;1,06;-0,5;2;0,31;4,44
FORD BRASIL;FIESTA/SEDAN DIR.MECANICA até 2002;-2,06;0,74;0,09;2,59;-1,06;1,06;-0,5;2;0,31;4,44
FORD BRASIL;FOCUS  2001 - 2003;-1,85;0,77;1,88;4,08;-1,06;1,06;-2,64;0,04;1,13;3,63
FORD BRASIL;FOCUS  2004 - 2008;-1;0,5;1,95;3,45;0,31;2,19;-1,75;-0,25;1,44;3,31
FORD BRASIL;FOCUS 2011 - 2012 ;-1,58;0,36;2,09;4,13;-0,51;1,2;-2,35;0;0,44;2,15
FORD BRASIL;FOCUS 2014 - 2015;-0,34;0,34;1;4,18;-1,45;1,45;-1,25;0,35;-2,59;1,03
FORD BRASIL;FORD KA DIR. HIDR. 2011 - 2012;-1,06;0,24;1,23;2,53;-0,6;0,6;-1,59;-0,29;0,06;1,56
FORD BRASIL;FORD KA DIR. MEC. 2011 - 2012;-1,06;0,24;1,04;2,34;-0,6;-0,6;-1,59;-0,29;0,06;1,56
FORD BRASIL;FUSION   2006 em diante;-0,72;0,78;3;5;-0,13;2,38;-2;-0,5;-0,38;1,88
FORD BRASIL;FUSION  HYBRID 2011 - 2012;-0,47;0,43;3;5;-0,07;1,38;-2;-0,3;0,15;1,6
FORD BRASIL;FUSION 2011 - 2012;-0,47;0,43;3;5;-0,07;1,38;-2;-0,3;0,15;1,6
FORD BRASIL;FUSION 2014 - 2015;-0,46;0,3;0,3;5,48;0,54;0,68;-0,24;0,3;-0,62;0,68
FORD BRASIL;GALAXIE   Todos;0;2;-1;0;3,06;5,19;-;-;-;-
FORD BRASIL;JEEP   Todos;0,75;1,25;1,25;1,75;1,63;2,38;-;-;-;-
FORD BRASIL;KA COM BARRA ESTABILIZADORA - 2015;-1,34;-0,04;2,4;4,1;-0,16;1,09;-1,23;0,07;-0,21;1,34
FORD BRASIL;KA DIREÇÃO HIDRAULICA   1997 - 2002;-1,35;1,45;1,53;4,03;0;2,13;-2;-0,5;3,25;4,63
FORD BRASIL;KA DIREÇÃO HIDRAULICA   2003 - 2008;-1,35;1,45;1,53;4,03;-2,13;0;-2;-0,5;2,5;5
FORD BRASIL;KA DIREÇÃO MECANICA   1997 - 2002;-1,4;1,4;-0,72;1,78;0;2,13;-2;-0,5;3,25;4,63
FORD BRASIL;KA DIREÇÃO MECANICA   2003 - 2008;-1,4;1,4;0,03;1,03;0;2,13;-2;-0,5;2,5;5
FORD BRASIL;KA SEM BARRA ESTABILIZADORA - 2015;-1,37;0,23;3,2;4,5;-0,16;1,09;-1,23;0,07;-0,16;1,4
FORD BRASIL;MAVERICK  1993 - 1998;0,08;1,08;0,55;2,79;1,38;2,38;-;-;-;-
FORD BRASIL;MODELOS  2007 em diante;-1,42;-0,08;1,75;3,25;0,06;2,06;-1,43;-0,43;1,5;4
FORD BRASIL;MONDEO  Todos;-1,85;0,75;1,65;3,65;-1,88;0;-2,56;0,14;0,94;2,81
FORD BRASIL;MONDEO STATION WAGON  1997 - 2001;-1,72;0,78;1,98;2,48;-2,13;0;-1,43;0,57;-0,5;2
FORD BRASIL;NEW FIESTA  2011 - 2012 ;-1,57;0,33;2,2;4,2;-0,64;1,6;-2,46;-0,16;0,03;1,96
FORD BRASIL;NEW FIESTA 2014 - 2015 ;-0,47;1,15;3;3,2;0,96;2,25;-1,31;1,15;-1,99;1,95
FORD BRASIL;NOVO ECOSPORT  2013 - 2013 ;-1,16;-0,16;5,12;6,24;-0,14;1,23;-1,54;-0,54;-0,07;1,3
FORD BRASIL;PAMPA  1986 - 1990;-0,5;0,5;1,75;2,25;-3,13;0;-;-;-;-
FORD BRASIL;PAMPA 1.8  1991 em diante;-0,5;0,5;0;4;-3,13;0;-0,5;0,5;-;-
FORD BRASIL;RANGER   1994 - 1996;-0,25;0,75;3;5;-1,19;1,94;-;-;-;-
FORD BRASIL;RANGER (USA)  Todos;-0,75;1,25;3,5;5,5;-1,5;1,5;0;0;0;0
FORD BRASIL;RANGER 2.2D 4X4 TDCI 2014 - 2015;0;0,46;0,4;2,54;0;2,07;;;;
FORD BRASIL;RANGER 2011 - 2011;-1,15;0,15;-1,06;0,18;-0,42;1,19;-;-;-;-
FORD BRASIL;RANGER 2012 - 2012;-0,45;0,45;1,49;3,19;-0,68;0,68;;-;-;-
FORD BRASIL;RANGER 3.2D 4X2 CAB. DUBLA 2014 - 2015 ;0;0,46;0,46;2,59;0;2,07;;;;
FORD BRASIL;RANGER 4X2  1998 - 2001;-1,2;0,2;3,1;5,1;-1,19;1,94;-;-;-;-
FORD BRASIL;RANGER 4X2 E 4X4  2002 - 2007;-1,2;0,2;3,2;5,2;-0,81;2,31;-;-;-;-
FORD BRASIL;RANGER 4X4  1998 - 2001;-1,2;0,2;2,9;4,9;-0,81;2,31;-;-;-;-
FORD BRASIL;RANGER REG CAB  Todos;-0,75;1,25;3;5,5;0,31;2,81;-;-;-;-
FORD BRASIL;RANGER SUPER CAB Todos;-0,75;1,25;3,75;5,75;-1,25;1,25;-;-;-;-
FORD BRASIL;RURAL   Todos;0,75;1,25;-0,5;0;1,88;3,13;-;-;-;-
FORD BRASIL;TAURUS  Todos;-0,99;0,25;2,75;4,75;-1;2;-1,49;-0,25;-0,56;1,56
FORD BRASIL;VERONA  1989 - 1992;-0,58;2,42;1,5;4,5;-3,69;-1,56;-2;1;-;-
FORD BRASIL;VERSAILLES/ROYALE DIR.MEC todos;-0,83;-0,17;0,33;1,33;-3,13;-1;-1,99;-1,33;-;-
FORD BRASIL;VERSAILLES/ROYALES PAS DEIR.HIDR  Todos;-0,83;-0,17;1;2;-3,13;-1;-1,99;-1,33;-;-
